filename,polyomino-01,polyomino-02,polyomino-03,polyomino-04,polyomino-05,polyomino-06,polyomino-07,polyomino-08,polyomino-09,polyomino-10,polyomino-11,polyomino-12,polyomino-13
cacturne.txt,1.0,1.0,1.0,1.0,1,1.0,1,1.0,1.0,1.0,1.0,1.0,1.0
illumise.txt,1.0,1.0,1.0,1.0,1,1.0,1,1.0,1.0,1.0,1.0,1.0,1.0
mankey.txt,1.0,1.0,1.0,1.0,1,1.0,1,1.0,1.0,1.0,1.0,1.0,1.0
amoonguss.txt,1.0,1.0,1.0,1.0,1,1.0,1,1.0,1.0,1.0,1.0,1.0,1.0
igglybuff.txt,1.0,1.0,1.0,1.0,1,1.0,1,1.0,1.0,1.0,1.0,1.0,1.0
qwilfish.txt,1.0,1.0,1.0,1.0,1,1.0,1,1.0,1.0,1.0,1.0,1.0,1.0
genesect-douse.txt,1.0,1.0,1.0,1.0,1,1.0,1,1.0,1.0,1.0,1.0,1.0,1.0
goldeen.txt,1.0,1.0,1.0,1.0,1,1.0,1,1.0,1.0,1.0,1.0,1.0,1.0
nidoran-f.txt,1.0,1.0,1.0,1.0,1,1.0,1,1.0,1.0,1.0,1.0,1.0,1.0
unown-i.txt,1.0,1.0,1.0,1.0,1,1.0,1,1.0,1.0,1.0,1.0,1.0,1.0
gulpin.txt,1.0,1.0,1.0,1.0,1,1.0,1,1.0,1.0,1.0,1.0,1.0,1.0
purrloin.txt,1.0,1.0,1.0,1.0,1,1.0,1,1.0,1.0,1.0,1.0,1.0,1.0
wormadam-sandy.txt,1.0,1.0,1.0,1.0,1,1.0,1,1.0,1.0,1.0,1.0,1.0,1.0
crobat.txt,1.0,1.0,1.0,1.0,1,1.0,1,1.0,1.0,1.0,1.0,1.0,1.0
munchlax.txt,1.0,1.0,1.0,1.0,1,1.0,1,1.0,1.0,1.0,1.0,1.0,1.0
volcanion.txt,1.0,1.0,1.0,1.0,1,1.0,1,1.0,1.0,1.0,1.0,1.0,1.0
persian-alola.txt,1.0,1.0,1.0,1.0,1,1.0,1,1.0,1.0,1.0,1.0,1.0,1.0
lillipup.txt,1.0,1.0,1.0,1.0,1,1.0,1,1.0,1.0,1.0,1.0,1.0,1.0
xerneas.txt,1.0,1.0,1.0,1.0,1,1.0,1,1.0,1.0,1.0,1.0,1.0,1.0
wormadam-trash.txt,1.0,1.0,1.0,1.0,1,1.0,1,1.0,1.0,1.0,1.0,1.0,1.0
vivillon-modern.txt,1.0,1.0,1.0,1.0,1,1.0,1,1.0,1.0,1.0,1.0,1.0,1.0
lapras.txt,1.0,1.0,1.0,1.0,1,1.0,1,1.0,1.0,1.0,1.0,1.0,1.0
walrein.txt,1.0,1.0,1.0,1.0,1,1.0,1,1.0,1.0,1.0,1.0,1.0,1.0
gyarados.txt,1.0,1.0,1.0,1.0,1,1.0,1,1.0,1.0,1.0,1.0,1.0,1.0
archen.txt,1.0,1.0,1.0,1.0,1,1.0,1,1.0,1.0,1.0,1.0,1.0,1.0
woobat.txt,1.0,1.0,1.0,1.0,1,1.0,1,1.0,1.0,1.0,1.0,1.0,1.0
ho-oh.txt,1.0,1.0,1.0,1.0,1,1.0,1,1.0,1.0,1.0,1.0,1.0,1.0
wartortle.txt,1.0,1.0,1.0,1.0,1,1.0,1,1.0,1.0,1.0,1.0,1.0,1.0
noibat.txt,1.0,1.0,1.0,1.0,1,1.0,1,1.0,1.0,1.0,1.0,1.0,1.0
mewtwo.txt,1.0,1.0,1.0,1.0,1,1.0,1,1.0,1.0,1.0,1.0,1.0,1.0
eevee.txt,1.0,1.0,1.0,1.0,1,1.0,1,1.0,1.0,1.0,1.0,1.0,1.0
vivillon-tundra.txt,1.0,1.0,1.0,1.0,1,1.0,1,1.0,1.0,1.0,1.0,1.0,1.0
furfrou-kabuki.txt,1.0,1.0,1.0,1.0,1,1.0,1,1.0,1.0,1.0,1.0,1.0,1.0
sableye.txt,1.0,1.0,1.0,1.0,1,1.0,1,1.0,1.0,1.0,1.0,1.0,1.0
buneary.txt,1.0,1.0,1.0,1.0,1,1.0,1,1.0,1.0,1.0,1.0,1.0,1.0
bidoof.txt,1.0,1.0,1.0,1.0,1,1.0,1,1.0,1.0,1.0,1.0,1.0,1.0
exeggutor-alola.txt,1.0,1.0,1.0,1.0,1,1.0,1,1.0,1.0,1.0,1.0,1.0,1.0
flabebe-white.txt,1.0,1.0,1.0,1.0,1,1.0,1,1.0,1.0,1.0,1.0,1.0,1.0
braixen.txt,1.0,1.0,1.0,1.0,1,1.0,1,1.0,1.0,1.0,1.0,1.0,1.0
unown-h.txt,1.0,1.0,1.0,1.0,1,1.0,1,1.0,1.0,1.0,1.0,1.0,1.0
silvally-water.txt,1.0,1.0,1.0,1.0,1,1.0,1,1.0,1.0,1.0,1.0,1.0,1.0
elgyem.txt,1.0,1.0,1.0,1.0,1,1.0,1,1.0,1.0,1.0,1.0,1.0,1.0
electabuzz.txt,1.0,1.0,1.0,1.0,1,1.0,1,1.0,1.0,1.0,1.0,1.0,1.0
gloom.txt,1.0,1.0,1.0,1.0,1,1.0,1,1.0,1.0,1.0,1.0,1.0,1.0
miltank.txt,1.0,1.0,1.0,1.0,1,1.0,1,1.0,1.0,1.0,1.0,1.0,1.0
piloswine.txt,1.0,1.0,1.0,1.0,1,1.0,1,1.0,1.0,1.0,1.0,1.0,1.0
guzzlord.txt,1.0,1.0,1.0,1.0,1,1.0,1,1.0,1.0,1.0,1.0,1.0,1.0
cinccino.txt,1.0,1.0,1.0,1.0,1,1.0,1,1.0,1.0,1.0,1.0,1.0,1.0
keldeo-resolute.txt,1.0,1.0,1.0,1.0,1,1.0,1,1.0,1.0,1.0,1.0,1.0,1.0
shelgon.txt,1.0,1.0,1.0,1.0,1,1.0,1,1.0,1.0,1.0,1.0,1.0,1.0
latias-mega.txt,1.0,1.0,1.0,1.0,1,1.0,1,1.0,1.0,1.0,1.0,1.0,1.0
anorith.txt,1.0,1.0,1.0,1.0,1,1.0,1,1.0,1.0,1.0,1.0,1.0,1.0
golem-alola.txt,1.0,1.0,1.0,1.0,1,1.0,1,1.0,1.0,1.0,1.0,1.0,1.0
wurmple.txt,1.0,1.0,1.0,1.0,1,1.0,1,1.0,1.0,1.0,1.0,1.0,1.0
toxapex.txt,1.0,1.0,1.0,1.0,1,1.0,1,1.0,1.0,1.0,1.0,1.0,1.0
gardevoir-mega.txt,1.0,1.0,1.0,1.0,1,1.0,1,1.0,1.0,1.0,1.0,1.0,1.0
lurantis.txt,1.0,1.0,1.0,1.0,1,1.0,1,1.0,1.0,1.0,1.0,1.0,1.0
swalot.txt,1.0,1.0,1.0,1.0,1,1.0,1,1.0,1.0,1.0,1.0,1.0,1.0
tyrunt.txt,1.0,1.0,1.0,1.0,1,1.0,1,1.0,1.0,1.0,1.0,1.0,1.0
pidgey.txt,1.0,1.0,1.0,1.0,1,1.0,1,1.0,1.0,1.0,1.0,1.0,1.0
arceus-rock.txt,1.0,1.0,1.0,1.0,1,1.0,1,1.0,1.0,1.0,1.0,1.0,1.0
gurdurr.txt,1.0,1.0,1.0,1.0,1,1.0,1,1.0,1.0,1.0,1.0,1.0,1.0
vivillon-sandstorm.txt,1.0,1.0,1.0,1.0,1,1.0,1,1.0,1.0,1.0,1.0,1.0,1.0
quagsire.txt,1.0,1.0,1.0,1.0,1,1.0,1,1.0,1.0,1.0,1.0,1.0,1.0
mawile-mega.txt,1.0,1.0,1.0,1.0,1,1.0,1,1.0,1.0,1.0,1.0,1.0,1.0
swablu.txt,1.0,1.0,1.0,1.0,1,1.0,1,1.0,1.0,1.0,1.0,1.0,1.0
kadabra.txt,1.0,1.0,1.0,1.0,1,1.0,1,1.0,1.0,1.0,1.0,1.0,1.0
oricorio-sensu.txt,1.0,1.0,1.0,1.0,1,1.0,1,1.0,1.0,1.0,1.0,1.0,1.0
cosmog.txt,1.0,1.0,1.0,1.0,1,1.0,1,1.0,1.0,1.0,1.0,1.0,1.0
pineco.txt,1.0,1.0,1.0,1.0,1,1.0,1,1.0,1.0,1.0,1.0,1.0,1.0
skitty.txt,1.0,1.0,1.0,1.0,1,1.0,1,1.0,1.0,1.0,1.0,1.0,1.0
masquerain.txt,1.0,1.0,1.0,1.0,1,1.0,1,1.0,1.0,1.0,1.0,1.0,1.0
gastrodon-east.txt,1.0,1.0,1.0,1.0,1,1.0,1,1.0,1.0,1.0,1.0,1.0,1.0
heracross.txt,1.0,1.0,1.0,1.0,1,1.0,1,1.0,1.0,1.0,1.0,1.0,1.0
minun.txt,1.0,1.0,1.0,1.0,1,1.0,1,1.0,1.0,1.0,1.0,1.0,1.0
graveler.txt,1.0,1.0,1.0,1.0,1,1.0,1,1.0,1.0,1.0,1.0,1.0,1.0
tyrantrum.txt,1.0,1.0,1.0,1.0,1,1.0,1,1.0,1.0,1.0,1.0,1.0,1.0
trapinch.txt,1.0,1.0,1.0,1.0,1,1.0,1,1.0,1.0,1.0,1.0,1.0,1.0
girafarig.txt,1.0,1.0,1.0,1.0,1,1.0,1,1.0,1.0,1.0,1.0,1.0,1.0
poochyena.txt,1.0,1.0,1.0,1.0,1,1.0,1,1.0,1.0,1.0,1.0,1.0,1.0
electivire.txt,1.0,1.0,1.0,1.0,1,1.0,1,1.0,1.0,1.0,1.0,1.0,1.0
ledian.txt,1.0,1.0,1.0,1.0,1,1.0,1,1.0,1.0,1.0,1.0,1.0,1.0
melmetal.txt,1.0,1.0,1.0,1.0,1,1.0,1,1.0,1.0,1.0,1.0,1.0,1.0
shiinotic.txt,1.0,1.0,1.0,1.0,1,1.0,1,1.0,1.0,1.0,1.0,1.0,1.0
garchomp-mega.txt,1.0,1.0,1.0,1.0,1,1.0,1,1.0,1.0,1.0,1.0,1.0,1.0
popplio.txt,1.0,1.0,1.0,1.0,1,1.0,1,1.0,1.0,1.0,1.0,1.0,1.0
cherrim.txt,1.0,1.0,1.0,1.0,1,1.0,1,1.0,1.0,1.0,1.0,1.0,1.0
unown-j.txt,1.0,1.0,1.0,1.0,1,1.0,1,1.0,1.0,1.0,1.0,1.0,1.0
primeape.txt,1.0,1.0,1.0,1.0,1,1.0,1,1.0,1.0,1.0,1.0,1.0,1.0
vanillish.txt,1.0,1.0,1.0,1.0,1,1.0,1,1.0,1.0,1.0,1.0,1.0,1.0
skiploom.txt,1.0,1.0,1.0,1.0,1,1.0,1,1.0,1.0,1.0,1.0,1.0,1.0
probopass.txt,1.0,1.0,1.0,1.0,1,1.0,1,1.0,1.0,1.0,1.0,1.0,1.0
silvally-ground.txt,1.0,1.0,1.0,1.0,1,1.0,1,1.0,1.0,1.0,1.0,1.0,1.0
aegislash.txt,1.0,1.0,1.0,1.0,1,1.0,1,1.0,1.0,1.0,1.0,1.0,1.0
kyurem.txt,1.0,1.0,1.0,1.0,1,1.0,1,1.0,1.0,1.0,1.0,1.0,1.0
chesnaught.txt,1.0,1.0,1.0,1.0,1,1.0,1,1.0,1.0,1.0,1.0,1.0,1.0
pikachu-partner-cap.txt,1.0,1.0,1.0,1.0,1,1.0,1,1.0,1.0,1.0,1.0,1.0,1.0
torracat.txt,1.0,1.0,1.0,1.0,1,1.0,1,1.0,1.0,1.0,1.0,1.0,1.0
carnivine.txt,1.0,1.0,1.0,1.0,1,1.0,1,1.0,1.0,1.0,1.0,1.0,1.0
sneasel.txt,1.0,1.0,1.0,1.0,1,1.0,1,1.0,1.0,1.0,1.0,1.0,1.0
slowbro-mega.txt,1.0,1.0,1.0,1.0,1,1.0,1,1.0,1.0,1.0,1.0,1.0,1.0
lickilicky.txt,1.0,1.0,1.0,1.0,1,1.0,1,1.0,1.0,1.0,1.0,1.0,1.0
murkrow.txt,1.0,1.0,1.0,1.0,1,1.0,1,1.0,1.0,1.0,1.0,1.0,1.0
skuntank.txt,1.0,1.0,1.0,1.0,1,1.0,1,1.0,1.0,1.0,1.0,1.0,1.0
bibarel.txt,1.0,1.0,1.0,1.0,1,1.0,1,1.0,1.0,1.0,1.0,1.0,1.0
tentacool.txt,1.0,1.0,1.0,1.0,1,1.0,1,1.0,1.0,1.0,1.0,1.0,1.0
genesect-burn.txt,1.0,1.0,1.0,1.0,1,1.0,1,1.0,1.0,1.0,1.0,1.0,1.0
oshawott.txt,1.0,1.0,1.0,1.0,1,1.0,1,1.0,1.0,1.0,1.0,1.0,1.0
watchog.txt,1.0,1.0,1.0,1.0,1,1.0,1,1.0,1.0,1.0,1.0,1.0,1.0
lycanroc-midnight.txt,1.0,1.0,1.0,1.0,1,1.0,1,1.0,1.0,1.0,1.0,1.0,1.0
unown-k.txt,1.0,1.0,1.0,1.0,1,1.0,1,1.0,1.0,1.0,1.0,1.0,1.0
vivillon-sun.txt,1.0,1.0,1.0,1.0,1,1.0,1,1.0,1.0,1.0,1.0,1.0,1.0
houndoom.txt,1.0,1.0,1.0,1.0,1,1.0,1,1.0,1.0,1.0,1.0,1.0,1.0
espurr.txt,1.0,1.0,1.0,1.0,1,1.0,1,1.0,1.0,1.0,1.0,1.0,1.0
pidgeotto.txt,1.0,1.0,1.0,1.0,1,1.0,1,1.0,1.0,1.0,1.0,1.0,1.0
talonflame.txt,1.0,1.0,1.0,1.0,1,1.0,1,1.0,1.0,1.0,1.0,1.0,1.0
hariyama.txt,1.0,1.0,1.0,1.0,1,1.0,1,1.0,1.0,1.0,1.0,1.0,1.0
steelix-mega.txt,1.0,1.0,1.0,1.0,1,1.0,1,1.0,1.0,1.0,1.0,1.0,1.0
nidorino.txt,1.0,1.0,1.0,1.0,1,1.0,1,1.0,1.0,1.0,1.0,1.0,1.0
dustox.txt,1.0,1.0,1.0,1.0,1,1.0,1,1.0,1.0,1.0,1.0,1.0,1.0
mimikyu.txt,1.0,1.0,1.0,1.0,1,1.0,1,1.0,1.0,1.0,1.0,1.0,1.0
rotom-wash.txt,1.0,1.0,1.0,1.0,1,1.0,1,1.0,1.0,1.0,1.0,1.0,1.0
kommo-o.txt,1.0,1.0,1.0,1.0,1,1.0,1,1.0,1.0,1.0,1.0,1.0,1.0
seel.txt,1.0,1.0,1.0,1.0,1,1.0,1,1.0,1.0,1.0,1.0,1.0,1.0
unknown.txt,1.0,1.0,1.0,1.0,1,1.0,1,1.0,1.0,1.0,1.0,1.0,1.0
weepinbell.txt,1.0,1.0,1.0,1.0,1,1.0,1,1.0,1.0,1.0,1.0,1.0,1.0
shellos-east.txt,1.0,1.0,1.0,1.0,1,1.0,1,1.0,1.0,1.0,1.0,1.0,1.0
deerling-autumn.txt,1.0,1.0,1.0,1.0,1,1.0,1,1.0,1.0,1.0,1.0,1.0,1.0
pyukumuku.txt,1.0,1.0,1.0,1.0,1,1.0,1,1.0,1.0,1.0,1.0,1.0,1.0
rotom-frost.txt,1.0,1.0,1.0,1.0,1,1.0,1,1.0,1.0,1.0,1.0,1.0,1.0
klefki.txt,1.0,1.0,1.0,1.0,1,1.0,1,1.0,1.0,1.0,1.0,1.0,1.0
vivillon.txt,1.0,1.0,1.0,1.0,1,1.0,1,1.0,1.0,1.0,1.0,1.0,1.0
pikachu-rock-star.txt,1.0,1.0,1.0,1.0,1,1.0,1,1.0,1.0,1.0,1.0,1.0,1.0
kyogre-primal.txt,1.0,1.0,1.0,1.0,1,1.0,1,1.0,1.0,1.0,1.0,1.0,1.0
honedge.txt,1.0,1.0,1.0,1.0,1,1.0,1,1.0,1.0,1.0,1.0,1.0,1.0
wormadam.txt,1.0,1.0,1.0,1.0,1,1.0,1,1.0,1.0,1.0,1.0,1.0,1.0
servine.txt,1.0,1.0,1.0,1.0,1,1.0,1,1.0,1.0,1.0,1.0,1.0,1.0
zubat.txt,1.0,1.0,1.0,1.0,1,1.0,1,1.0,1.0,1.0,1.0,1.0,1.0
entei.txt,1.0,1.0,1.0,1.0,1,1.0,1,1.0,1.0,1.0,1.0,1.0,1.0
umbreon.txt,1.0,1.0,1.0,1.0,1,1.0,1,1.0,1.0,1.0,1.0,1.0,1.0
magcargo.txt,1.0,1.0,1.0,1.0,1,1.0,1,1.0,1.0,1.0,1.0,1.0,1.0
genesect.txt,1.0,1.0,1.0,1.0,1,1.0,1,1.0,1.0,1.0,1.0,1.0,1.0
boldore.txt,1.0,1.0,1.0,1.0,1,1.0,1,1.0,1.0,1.0,1.0,1.0,1.0
pheromosa.txt,1.0,1.0,1.0,1.0,1,1.0,1,1.0,1.0,1.0,1.0,1.0,1.0
reuniclus.txt,1.0,1.0,1.0,1.0,1,1.0,1,1.0,1.0,1.0,1.0,1.0,1.0
froslass.txt,1.0,1.0,1.0,1.0,1,1.0,1,1.0,1.0,1.0,1.0,1.0,1.0
aegislash-blade.txt,1.0,1.0,1.0,1.0,1,1.0,1,1.0,1.0,1.0,1.0,1.0,1.0
graveler-alola.txt,1.0,1.0,1.0,1.0,1,1.0,1,1.0,1.0,1.0,1.0,1.0,1.0
unown-o.txt,1.0,1.0,1.0,1.0,1,1.0,1,1.0,1.0,1.0,1.0,1.0,1.0
larvesta.txt,1.0,1.0,1.0,1.0,1,1.0,1,1.0,1.0,1.0,1.0,1.0,1.0
kartana.txt,1.0,1.0,1.0,1.0,1,1.0,1,1.0,1.0,1.0,1.0,1.0,1.0
voltorb.txt,1.0,1.0,1.0,1.0,1,1.0,1,1.0,1.0,1.0,1.0,1.0,1.0
golett.txt,1.0,1.0,1.0,1.0,1,1.0,1,1.0,1.0,1.0,1.0,1.0,1.0
unown-x.txt,1.0,1.0,1.0,1.0,1,1.0,1,1.0,1.0,1.0,1.0,1.0,1.0
meloetta-pirouette.txt,1.0,1.0,1.0,1.0,1,1.0,1,1.0,1.0,1.0,1.0,1.0,1.0
barboach.txt,1.0,1.0,1.0,1.0,1,1.0,1,1.0,1.0,1.0,1.0,1.0,1.0
wooper.txt,1.0,1.0,1.0,1.0,1,1.0,1,1.0,1.0,1.0,1.0,1.0,1.0
regirock.txt,1.0,1.0,1.0,1.0,1,1.0,1,1.0,1.0,1.0,1.0,1.0,1.0
cherubi.txt,1.0,1.0,1.0,1.0,1,1.0,1,1.0,1.0,1.0,1.0,1.0,1.0
blastoise.txt,1.0,1.0,1.0,1.0,1,1.0,1,1.0,1.0,1.0,1.0,1.0,1.0
litten.txt,1.0,1.0,1.0,1.0,1,1.0,1,1.0,1.0,1.0,1.0,1.0,1.0
vileplume.txt,1.0,1.0,1.0,1.0,1,1.0,1,1.0,1.0,1.0,1.0,1.0,1.0
mismagius.txt,1.0,1.0,1.0,1.0,1,1.0,1,1.0,1.0,1.0,1.0,1.0,1.0
escavalier.txt,1.0,1.0,1.0,1.0,1,1.0,1,1.0,1.0,1.0,1.0,1.0,1.0
snivy.txt,1.0,1.0,1.0,1.0,1,1.0,1,1.0,1.0,1.0,1.0,1.0,1.0
sealeo.txt,1.0,1.0,1.0,1.0,1,1.0,1,1.0,1.0,1.0,1.0,1.0,1.0
snorlax.txt,1.0,1.0,1.0,1.0,1,1.0,1,1.0,1.0,1.0,1.0,1.0,1.0
aggron-mega.txt,1.0,1.0,1.0,1.0,1,1.0,1,1.0,1.0,1.0,1.0,1.0,1.0
raichu-alola.txt,1.0,1.0,1.0,1.0,1,1.0,1,1.0,1.0,1.0,1.0,1.0,1.0
keldeo.txt,1.0,1.0,1.0,1.0,1,1.0,1,1.0,1.0,1.0,1.0,1.0,1.0
beartic.txt,1.0,1.0,1.0,1.0,1,1.0,1,1.0,1.0,1.0,1.0,1.0,1.0
persian.txt,1.0,1.0,1.0,1.0,1,1.0,1,1.0,1.0,1.0,1.0,1.0,1.0
lopunny.txt,1.0,1.0,1.0,1.0,1,1.0,1,1.0,1.0,1.0,1.0,1.0,1.0
gardevoir.txt,1.0,1.0,1.0,1.0,1,1.0,1,1.0,1.0,1.0,1.0,1.0,1.0
necrozma.txt,1.0,1.0,1.0,1.0,1,1.0,1,1.0,1.0,1.0,1.0,1.0,1.0
snorunt.txt,1.0,1.0,1.0,1.0,1,1.0,1,1.0,1.0,1.0,1.0,1.0,1.0
samurott.txt,1.0,1.0,1.0,1.0,1,1.0,1,1.0,1.0,1.0,1.0,1.0,1.0
pinsir.txt,1.0,1.0,1.0,1.0,1,1.0,1,1.0,1.0,1.0,1.0,1.0,1.0
darmanitan.txt,1.0,1.0,1.0,1.0,1,1.0,1,1.0,1.0,1.0,1.0,1.0,1.0
smeargle.txt,1.0,1.0,1.0,1.0,1,1.0,1,1.0,1.0,1.0,1.0,1.0,1.0
floette-orange.txt,1.0,1.0,1.0,1.0,1,1.0,1,1.0,1.0,1.0,1.0,1.0,1.0
unown-y.txt,1.0,1.0,1.0,1.0,1,1.0,1,1.0,1.0,1.0,1.0,1.0,1.0
magby.txt,1.0,1.0,1.0,1.0,1,1.0,1,1.0,1.0,1.0,1.0,1.0,1.0
ursaring.txt,1.0,1.0,1.0,1.0,1,1.0,1,1.0,1.0,1.0,1.0,1.0,1.0
unown-n.txt,1.0,1.0,1.0,1.0,1,1.0,1,1.0,1.0,1.0,1.0,1.0,1.0
haxorus.txt,1.0,1.0,1.0,1.0,1,1.0,1,1.0,1.0,1.0,1.0,1.0,1.0
abomasnow-mega.txt,1.0,1.0,1.0,1.0,1,1.0,1,1.0,1.0,1.0,1.0,1.0,1.0
crabrawler.txt,1.0,1.0,1.0,1.0,1,1.0,1,1.0,1.0,1.0,1.0,1.0,1.0
pumpkaboo-super.txt,1.0,1.0,1.0,1.0,1,1.0,1,1.0,1.0,1.0,1.0,1.0,1.0
geodude.txt,1.0,1.0,1.0,1.0,1,1.0,1,1.0,1.0,1.0,1.0,1.0,1.0
vivillon-marine.txt,1.0,1.0,1.0,1.0,1,1.0,1,1.0,1.0,1.0,1.0,1.0,1.0
silvally-grass.txt,1.0,1.0,1.0,1.0,1,1.0,1,1.0,1.0,1.0,1.0,1.0,1.0
foongus.txt,1.0,1.0,1.0,1.0,1,1.0,1,1.0,1.0,1.0,1.0,1.0,1.0
oranguru.txt,1.0,1.0,1.0,1.0,1,1.0,1,1.0,1.0,1.0,1.0,1.0,1.0
drapion.txt,1.0,1.0,1.0,1.0,1,1.0,1,1.0,1.0,1.0,1.0,1.0,1.0
delibird.txt,1.0,1.0,1.0,1.0,1,1.0,1,1.0,1.0,1.0,1.0,1.0,1.0
hippowdon.txt,1.0,1.0,1.0,1.0,1,1.0,1,1.0,1.0,1.0,1.0,1.0,1.0
smoochum.txt,1.0,1.0,1.0,1.0,1,1.0,1,1.0,1.0,1.0,1.0,1.0,1.0
arceus-unknown.txt,1.0,1.0,1.0,1.0,1,1.0,1,1.0,1.0,1.0,1.0,1.0,1.0
stunky.txt,1.0,1.0,1.0,1.0,1,1.0,1,1.0,1.0,1.0,1.0,1.0,1.0
scyther.txt,1.0,1.0,1.0,1.0,1,1.0,1,1.0,1.0,1.0,1.0,1.0,1.0
swadloon.txt,1.0,1.0,1.0,1.0,1,1.0,1,1.0,1.0,1.0,1.0,1.0,1.0
frillish.txt,1.0,1.0,1.0,1.0,1,1.0,1,1.0,1.0,1.0,1.0,1.0,1.0
pikipek.txt,1.0,1.0,1.0,1.0,1,1.0,1,1.0,1.0,1.0,1.0,1.0,1.0
floette-blue.txt,1.0,1.0,1.0,1.0,1,1.0,1,1.0,1.0,1.0,1.0,1.0,1.0
tympole.txt,1.0,1.0,1.0,1.0,1,1.0,1,1.0,1.0,1.0,1.0,1.0,1.0
mewtwo-mega-x.txt,1.0,1.0,1.0,1.0,1,1.0,1,1.0,1.0,1.0,1.0,1.0,1.0
honchkrow.txt,1.0,1.0,1.0,1.0,1,1.0,1,1.0,1.0,1.0,1.0,1.0,1.0
unown-question.txt,1.0,1.0,1.0,1.0,1,1.0,1,1.0,1.0,1.0,1.0,1.0,1.0
cutiefly.txt,1.0,1.0,1.0,1.0,1,1.0,1,1.0,1.0,1.0,1.0,1.0,1.0
incineroar.txt,1.0,1.0,1.0,1.0,1,1.0,1,1.0,1.0,1.0,1.0,1.0,1.0
pikachu-sinnoh-cap.txt,1.0,1.0,1.0,1.0,1,1.0,1,1.0,1.0,1.0,1.0,1.0,1.0
landorus.txt,1.0,1.0,1.0,1.0,1,1.0,1,1.0,1.0,1.0,1.0,1.0,1.0
meganium.txt,1.0,1.0,1.0,1.0,1,1.0,1,1.0,1.0,1.0,1.0,1.0,1.0
vivillon-garden.txt,1.0,1.0,1.0,1.0,1,1.0,1,1.0,1.0,1.0,1.0,1.0,1.0
pachirisu.txt,1.0,1.0,1.0,1.0,1,1.0,1,1.0,1.0,1.0,1.0,1.0,1.0
lileep.txt,1.0,1.0,1.0,1.0,1,1.0,1,1.0,1.0,1.0,1.0,1.0,1.0
necrozma-ultra.txt,1.0,1.0,1.0,1.0,1,1.0,1,1.0,1.0,1.0,1.0,1.0,1.0
tyranitar.txt,1.0,1.0,1.0,1.0,1,1.0,1,1.0,1.0,1.0,1.0,1.0,1.0
glameow.txt,1.0,1.0,1.0,1.0,1,1.0,1,1.0,1.0,1.0,1.0,1.0,1.0
magnezone.txt,1.0,1.0,1.0,1.0,1,1.0,1,1.0,1.0,1.0,1.0,1.0,1.0
beldum.txt,1.0,1.0,1.0,1.0,1,1.0,1,1.0,1.0,1.0,1.0,1.0,1.0
nuzleaf.txt,1.0,1.0,1.0,1.0,1,1.0,1,1.0,1.0,1.0,1.0,1.0,1.0
darmanitan-zen.txt,1.0,1.0,1.0,1.0,1,1.0,1,1.0,1.0,1.0,1.0,1.0,1.0
primarina.txt,1.0,1.0,1.0,1.0,1,1.0,1,1.0,1.0,1.0,1.0,1.0,1.0
swanna.txt,1.0,1.0,1.0,1.0,1,1.0,1,1.0,1.0,1.0,1.0,1.0,1.0
zangoose.txt,1.0,1.0,1.0,1.0,1,1.0,1,1.0,1.0,1.0,1.0,1.0,1.0
dragonite.txt,1.0,1.0,1.0,1.0,1,1.0,1,1.0,1.0,1.0,1.0,1.0,1.0
unown-l.txt,1.0,1.0,1.0,1.0,1,1.0,1,1.0,1.0,1.0,1.0,1.0,1.0
moltres.txt,1.0,1.0,1.0,1.0,1,1.0,1,1.0,1.0,1.0,1.0,1.0,1.0
jolteon.txt,1.0,1.0,1.0,1.0,1,1.0,1,1.0,1.0,1.0,1.0,1.0,1.0
gogoat.txt,1.0,1.0,1.0,1.0,1,1.0,1,1.0,1.0,1.0,1.0,1.0,1.0
arceus-bug.txt,1.0,1.0,1.0,1.0,1,1.0,1,1.0,1.0,1.0,1.0,1.0,1.0
silvally-ice.txt,1.0,1.0,1.0,1.0,1,1.0,1,1.0,1.0,1.0,1.0,1.0,1.0
golurk.txt,1.0,1.0,1.0,1.0,1,1.0,1,1.0,1.0,1.0,1.0,1.0,1.0
metapod.txt,1.0,1.0,1.0,1.0,1,1.0,1,1.0,1.0,1.0,1.0,1.0,1.0
golisopod.txt,1.0,1.0,1.0,1.0,1,1.0,1,1.0,1.0,1.0,1.0,1.0,1.0
pikachu-alola-cap.txt,1.0,1.0,1.0,1.0,1,1.0,1,1.0,1.0,1.0,1.0,1.0,1.0
exeggutor.txt,1.0,1.0,1.0,1.0,1,1.0,1,1.0,1.0,1.0,1.0,1.0,1.0
vivillon-jungle.txt,1.0,1.0,1.0,1.0,1,1.0,1,1.0,1.0,1.0,1.0,1.0,1.0
emboar.txt,1.0,1.0,1.0,1.0,1,1.0,1,1.0,1.0,1.0,1.0,1.0,1.0
marowak.txt,1.0,1.0,1.0,1.0,1,1.0,1,1.0,1.0,1.0,1.0,1.0,1.0
gigalith.txt,1.0,1.0,1.0,1.0,1,1.0,1,1.0,1.0,1.0,1.0,1.0,1.0
mesprit.txt,1.0,1.0,1.0,1.0,1,1.0,1,1.0,1.0,1.0,1.0,1.0,1.0
magneton.txt,1.0,1.0,1.0,1.0,1,1.0,1,1.0,1.0,1.0,1.0,1.0,1.0
delphox.txt,1.0,1.0,1.0,1.0,1,1.0,1,1.0,1.0,1.0,1.0,1.0,1.0
wobbuffet.txt,1.0,1.0,1.0,1.0,1,1.0,1,1.0,1.0,1.0,1.0,1.0,1.0
groudon.txt,1.0,1.0,1.0,1.0,1,1.0,1,1.0,1.0,1.0,1.0,1.0,1.0
starly.txt,1.0,1.0,1.0,1.0,1,1.0,1,1.0,1.0,1.0,1.0,1.0,1.0
giratina.txt,1.0,1.0,1.0,1.0,1,1.0,1,1.0,1.0,1.0,1.0,1.0,1.0
gothorita.txt,1.0,1.0,1.0,1.0,1,1.0,1,1.0,1.0,1.0,1.0,1.0,1.0
rattata.txt,1.0,1.0,1.0,1.0,1,1.0,1,1.0,1.0,1.0,1.0,1.0,1.0
silvally-poison.txt,1.0,1.0,1.0,1.0,1,1.0,1,1.0,1.0,1.0,1.0,1.0,1.0
bewear.txt,1.0,1.0,1.0,1.0,1,1.0,1,1.0,1.0,1.0,1.0,1.0,1.0
rotom-mow.txt,1.0,1.0,1.0,1.0,1,1.0,1,1.0,1.0,1.0,1.0,1.0,1.0
houndour.txt,1.0,1.0,1.0,1.0,1,1.0,1,1.0,1.0,1.0,1.0,1.0,1.0
minior-red-gen7.txt,1.0,1.0,1.0,1.0,1,1.0,1,1.0,1.0,1.0,1.0,1.0,1.0
minior-indigo-gen7.txt,1.0,1.0,1.0,1.0,1,1.0,1,1.0,1.0,1.0,1.0,1.0,1.0
eelektrik.txt,1.0,1.0,1.0,1.0,1,1.0,1,1.0,1.0,1.0,1.0,1.0,1.0
magikarp.txt,1.0,1.0,1.0,1.0,1,1.0,1,1.0,1.0,1.0,1.0,1.0,1.0
lycanroc-dusk.txt,1.0,1.0,1.0,1.0,1,1.0,1,1.0,1.0,1.0,1.0,1.0,1.0
genesect-standard.txt,1.0,1.0,1.0,1.0,1,1.0,1,1.0,1.0,1.0,1.0,1.0,1.0
whimsicott.txt,1.0,1.0,1.0,1.0,1,1.0,1,1.0,1.0,1.0,1.0,1.0,1.0
quilava.txt,1.0,1.0,1.0,1.0,1,1.0,1,1.0,1.0,1.0,1.0,1.0,1.0
unown-z.txt,1.0,1.0,1.0,1.0,1,1.0,1,1.0,1.0,1.0,1.0,1.0,1.0
furfrou-la-reine.txt,1.0,1.0,1.0,1.0,1,1.0,1,1.0,1.0,1.0,1.0,1.0,1.0
dugtrio-alola.txt,1.0,1.0,1.0,1.0,1,1.0,1,1.0,1.0,1.0,1.0,1.0,1.0
unown-m.txt,1.0,1.0,1.0,1.0,1,1.0,1,1.0,1.0,1.0,1.0,1.0,1.0
drowzee.txt,1.0,1.0,1.0,1.0,1,1.0,1,1.0,1.0,1.0,1.0,1.0,1.0
clamperl.txt,1.0,1.0,1.0,1.0,1,1.0,1,1.0,1.0,1.0,1.0,1.0,1.0
silvally-flying.txt,1.0,1.0,1.0,1.0,1,1.0,1,1.0,1.0,1.0,1.0,1.0,1.0
claydol.txt,1.0,1.0,1.0,1.0,1,1.0,1,1.0,1.0,1.0,1.0,1.0,1.0
gyarados-mega.txt,1.0,1.0,1.0,1.0,1,1.0,1,1.0,1.0,1.0,1.0,1.0,1.0
seedot.txt,1.0,1.0,1.0,1.0,1,1.0,1,1.0,1.0,1.0,1.0,1.0,1.0
skiddo.txt,1.0,1.0,1.0,1.0,1,1.0,1,1.0,1.0,1.0,1.0,1.0,1.0
garchomp.txt,1.0,1.0,1.0,1.0,1,1.0,1,1.0,1.0,1.0,1.0,1.0,1.0
castform-rainy.txt,1.0,1.0,1.0,1.0,1,1.0,1,1.0,1.0,1.0,1.0,1.0,1.0
sharpedo-mega.txt,1.0,1.0,1.0,1.0,1,1.0,1,1.0,1.0,1.0,1.0,1.0,1.0
hypno.txt,1.0,1.0,1.0,1.0,1,1.0,1,1.0,1.0,1.0,1.0,1.0,1.0
weedle.txt,1.0,1.0,1.0,1.0,1,1.0,1,1.0,1.0,1.0,1.0,1.0,1.0
mewtwo-mega-y.txt,1.0,1.0,1.0,1.0,1,1.0,1,1.0,1.0,1.0,1.0,1.0,1.0
ambipom.txt,1.0,1.0,1.0,1.0,1,1.0,1,1.0,1.0,1.0,1.0,1.0,1.0
minior-green.txt,1.0,1.0,1.0,1.0,1,1.0,1,1.0,1.0,1.0,1.0,1.0,1.0
spoink.txt,1.0,1.0,1.0,1.0,1,1.0,1,1.0,1.0,1.0,1.0,1.0,1.0
stakataka.txt,1.0,1.0,1.0,1.0,1,1.0,1,1.0,1.0,1.0,1.0,1.0,1.0
gourgeist-super.txt,1.0,1.0,1.0,1.0,1,1.0,1,1.0,1.0,1.0,1.0,1.0,1.0
froakie.txt,1.0,1.0,1.0,1.0,1,1.0,1,1.0,1.0,1.0,1.0,1.0,1.0
shaymin-sky.txt,1.0,1.0,1.0,1.0,1,1.0,1,1.0,1.0,1.0,1.0,1.0,1.0
gabite.txt,1.0,1.0,1.0,1.0,1,1.0,1,1.0,1.0,1.0,1.0,1.0,1.0
bellossom.txt,1.0,1.0,1.0,1.0,1,1.0,1,1.0,1.0,1.0,1.0,1.0,1.0
arceus-dark.txt,1.0,1.0,1.0,1.0,1,1.0,1,1.0,1.0,1.0,1.0,1.0,1.0
munna.txt,1.0,1.0,1.0,1.0,1,1.0,1,1.0,1.0,1.0,1.0,1.0,1.0
mareep.txt,1.0,1.0,1.0,1.0,1,1.0,1,1.0,1.0,1.0,1.0,1.0,1.0
tapu-koko.txt,1.0,1.0,1.0,1.0,1,1.0,1,1.0,1.0,1.0,1.0,1.0,1.0
camerupt-mega.txt,1.0,1.0,1.0,1.0,1,1.0,1,1.0,1.0,1.0,1.0,1.0,1.0
shieldon.txt,1.0,1.0,1.0,1.0,1,1.0,1,1.0,1.0,1.0,1.0,1.0,1.0
minior-orange.txt,1.0,1.0,1.0,1.0,1,1.0,1,1.0,1.0,1.0,1.0,1.0,1.0
stoutland.txt,1.0,1.0,1.0,1.0,1,1.0,1,1.0,1.0,1.0,1.0,1.0,1.0
arceus-fairy.txt,1.0,1.0,1.0,1.0,1,1.0,1,1.0,1.0,1.0,1.0,1.0,1.0
makuhita.txt,1.0,1.0,1.0,1.0,1,1.0,1,1.0,1.0,1.0,1.0,1.0,1.0
accelgor.txt,1.0,1.0,1.0,1.0,1,1.0,1,1.0,1.0,1.0,1.0,1.0,1.0
seviper.txt,1.0,1.0,1.0,1.0,1,1.0,1,1.0,1.0,1.0,1.0,1.0,1.0
arceus-dragon.txt,1.0,1.0,1.0,1.0,1,1.0,1,1.0,1.0,1.0,1.0,1.0,1.0
lampent.txt,1.0,1.0,1.0,1.0,1,1.0,1,1.0,1.0,1.0,1.0,1.0,1.0
tirtouga.txt,1.0,1.0,1.0,1.0,1,1.0,1,1.0,1.0,1.0,1.0,1.0,1.0
nidoking.txt,1.0,1.0,1.0,1.0,1,1.0,1,1.0,1.0,1.0,1.0,1.0,1.0
arceus-fighting.txt,1.0,1.0,1.0,1.0,1,1.0,1,1.0,1.0,1.0,1.0,1.0,1.0
nidoqueen.txt,1.0,1.0,1.0,1.0,1,1.0,1,1.0,1.0,1.0,1.0,1.0,1.0
carracosta.txt,1.0,1.0,1.0,1.0,1,1.0,1,1.0,1.0,1.0,1.0,1.0,1.0
diglett-alola.txt,1.0,1.0,1.0,1.0,1,1.0,1,1.0,1.0,1.0,1.0,1.0,1.0
huntail.txt,1.0,1.0,1.0,1.0,1,1.0,1,1.0,1.0,1.0,1.0,1.0,1.0
nosepass.txt,1.0,1.0,1.0,1.0,1,1.0,1,1.0,1.0,1.0,1.0,1.0,1.0
inkay.txt,1.0,1.0,1.0,1.0,1,1.0,1,1.0,1.0,1.0,1.0,1.0,1.0
avalugg.txt,1.0,1.0,1.0,1.0,1,1.0,1,1.0,1.0,1.0,1.0,1.0,1.0
archeops.txt,1.0,1.0,1.0,1.0,1,1.0,1,1.0,1.0,1.0,1.0,1.0,1.0
parasect.txt,1.0,1.0,1.0,1.0,1,1.0,1,1.0,1.0,1.0,1.0,1.0,1.0
absol-mega.txt,1.0,1.0,1.0,1.0,1,1.0,1,1.0,1.0,1.0,1.0,1.0,1.0
vivillon-poke-ball.txt,1.0,1.0,1.0,1.0,1,1.0,1,1.0,1.0,1.0,1.0,1.0,1.0
dedenne.txt,1.0,1.0,1.0,1.0,1,1.0,1,1.0,1.0,1.0,1.0,1.0,1.0
audino-mega.txt,1.0,1.0,1.0,1.0,1,1.0,1,1.0,1.0,1.0,1.0,1.0,1.0
raikou.txt,1.0,1.0,1.0,1.0,1,1.0,1,1.0,1.0,1.0,1.0,1.0,1.0
lumineon.txt,1.0,1.0,1.0,1.0,1,1.0,1,1.0,1.0,1.0,1.0,1.0,1.0
articuno.txt,1.0,1.0,1.0,1.0,1,1.0,1,1.0,1.0,1.0,1.0,1.0,1.0
silvally-steel.txt,1.0,1.0,1.0,1.0,1,1.0,1,1.0,1.0,1.0,1.0,1.0,1.0
pyroar.txt,1.0,1.0,1.0,1.0,1,1.0,1,1.0,1.0,1.0,1.0,1.0,1.0
magmortar.txt,1.0,1.0,1.0,1.0,1,1.0,1,1.0,1.0,1.0,1.0,1.0,1.0
meowstic.txt,1.0,1.0,1.0,1.0,1,1.0,1,1.0,1.0,1.0,1.0,1.0,1.0
bulbasaur.txt,1.0,1.0,1.0,1.0,1,1.0,1,1.0,1.0,1.0,1.0,1.0,1.0
silvally-fighting.txt,1.0,1.0,1.0,1.0,1,1.0,1,1.0,1.0,1.0,1.0,1.0,1.0
banette.txt,1.0,1.0,1.0,1.0,1,1.0,1,1.0,1.0,1.0,1.0,1.0,1.0
staraptor.txt,1.0,1.0,1.0,1.0,1,1.0,1,1.0,1.0,1.0,1.0,1.0,1.0
infernape.txt,1.0,1.0,1.0,1.0,1,1.0,1,1.0,1.0,1.0,1.0,1.0,1.0
pikachu-unova-cap.txt,1.0,1.0,1.0,1.0,1,1.0,1,1.0,1.0,1.0,1.0,1.0,1.0
taillow.txt,1.0,1.0,1.0,1.0,1,1.0,1,1.0,1.0,1.0,1.0,1.0,1.0
charizard.txt,1.0,1.0,1.0,1.0,1,1.0,1,1.0,1.0,1.0,1.0,1.0,1.0
minior-red.txt,1.0,1.0,1.0,1.0,1,1.0,1,1.0,1.0,1.0,1.0,1.0,1.0
furfrou-debutante.txt,1.0,1.0,1.0,1.0,1,1.0,1,1.0,1.0,1.0,1.0,1.0,1.0
pidove.txt,1.0,1.0,1.0,1.0,1,1.0,1,1.0,1.0,1.0,1.0,1.0,1.0
comfey.txt,1.0,1.0,1.0,1.0,1,1.0,1,1.0,1.0,1.0,1.0,1.0,1.0
sandshrew.txt,1.0,1.0,1.0,1.0,1,1.0,1,1.0,1.0,1.0,1.0,1.0,1.0
tyranitar-mega.txt,1.0,1.0,1.0,1.0,1,1.0,1,1.0,1.0,1.0,1.0,1.0,1.0
basculin-blue-striped.txt,1.0,1.0,1.0,1.0,1,1.0,1,1.0,1.0,1.0,1.0,1.0,1.0
alakazam.txt,1.0,1.0,1.0,1.0,1,1.0,1,1.0,1.0,1.0,1.0,1.0,1.0
marshadow.txt,1.0,1.0,1.0,1.0,1,1.0,1,1.0,1.0,1.0,1.0,1.0,1.0
houndoom-mega.txt,1.0,1.0,1.0,1.0,1,1.0,1,1.0,1.0,1.0,1.0,1.0,1.0
wishiwashi.txt,1.0,1.0,1.0,1.0,1,1.0,1,1.0,1.0,1.0,1.0,1.0,1.0
starmie.txt,1.0,1.0,1.0,1.0,1,1.0,1,1.0,1.0,1.0,1.0,1.0,1.0
lickitung.txt,1.0,1.0,1.0,1.0,1,1.0,1,1.0,1.0,1.0,1.0,1.0,1.0
flabebe-yellow.txt,1.0,1.0,1.0,1.0,1,1.0,1,1.0,1.0,1.0,1.0,1.0,1.0
yanmega.txt,1.0,1.0,1.0,1.0,1,1.0,1,1.0,1.0,1.0,1.0,1.0,1.0
zigzagoon.txt,1.0,1.0,1.0,1.0,1,1.0,1,1.0,1.0,1.0,1.0,1.0,1.0
yveltal.txt,1.0,1.0,1.0,1.0,1,1.0,1,1.0,1.0,1.0,1.0,1.0,1.0
petilil.txt,1.0,1.0,1.0,1.0,1,1.0,1,1.0,1.0,1.0,1.0,1.0,1.0
torterra.txt,1.0,1.0,1.0,1.0,1,1.0,1,1.0,1.0,1.0,1.0,1.0,1.0
purugly.txt,1.0,1.0,1.0,1.0,1,1.0,1,1.0,1.0,1.0,1.0,1.0,1.0
sceptile-mega.txt,1.0,1.0,1.0,1.0,1,1.0,1,1.0,1.0,1.0,1.0,1.0,1.0
palkia.txt,1.0,1.0,1.0,1.0,1,1.0,1,1.0,1.0,1.0,1.0,1.0,1.0
cresselia.txt,1.0,1.0,1.0,1.0,1,1.0,1,1.0,1.0,1.0,1.0,1.0,1.0
regigigas.txt,1.0,1.0,1.0,1.0,1,1.0,1,1.0,1.0,1.0,1.0,1.0,1.0
florges.txt,1.0,1.0,1.0,1.0,1,1.0,1,1.0,1.0,1.0,1.0,1.0,1.0
beedrill-mega.txt,1.0,1.0,1.0,1.0,1,1.0,1,1.0,1.0,1.0,1.0,1.0,1.0
shinx.txt,1.0,1.0,1.0,1.0,1,1.0,1,1.0,1.0,1.0,1.0,1.0,1.0
serperior.txt,1.0,1.0,1.0,1.0,1,1.0,1,1.0,1.0,1.0,1.0,1.0,1.0
sawsbuck-autumn.txt,1.0,1.0,1.0,1.0,1,1.0,1,1.0,1.0,1.0,1.0,1.0,1.0
charizard-mega-x.txt,1.0,1.0,1.0,1.0,1,1.0,1,1.0,1.0,1.0,1.0,1.0,1.0
shellos.txt,1.0,1.0,1.0,1.0,1,1.0,1,1.0,1.0,1.0,1.0,1.0,1.0
gothita.txt,1.0,1.0,1.0,1.0,1,1.0,1,1.0,1.0,1.0,1.0,1.0,1.0
budew.txt,1.0,1.0,1.0,1.0,1,1.0,1,1.0,1.0,1.0,1.0,1.0,1.0
porygon.txt,1.0,1.0,1.0,1.0,1,1.0,1,1.0,1.0,1.0,1.0,1.0,1.0
alomomola.txt,1.0,1.0,1.0,1.0,1,1.0,1,1.0,1.0,1.0,1.0,1.0,1.0
dratini.txt,1.0,1.0,1.0,1.0,1,1.0,1,1.0,1.0,1.0,1.0,1.0,1.0
mienfoo.txt,1.0,1.0,1.0,1.0,1,1.0,1,1.0,1.0,1.0,1.0,1.0,1.0
electrike.txt,1.0,1.0,1.0,1.0,1,1.0,1,1.0,1.0,1.0,1.0,1.0,1.0
blaziken.txt,1.0,1.0,1.0,1.0,1,1.0,1,1.0,1.0,1.0,1.0,1.0,1.0
sawsbuck.txt,1.0,1.0,1.0,1.0,1,1.0,1,1.0,1.0,1.0,1.0,1.0,1.0
vivillon-river.txt,1.0,1.0,1.0,1.0,1,1.0,1,1.0,1.0,1.0,1.0,1.0,1.0
reshiram.txt,1.0,1.0,1.0,1.0,1,1.0,1,1.0,1.0,1.0,1.0,1.0,1.0
heatran.txt,1.0,1.0,1.0,1.0,1,1.0,1,1.0,1.0,1.0,1.0,1.0,1.0
gliscor.txt,1.0,1.0,1.0,1.0,1,1.0,1,1.0,1.0,1.0,1.0,1.0,1.0
flareon.txt,1.0,1.0,1.0,1.0,1,1.0,1,1.0,1.0,1.0,1.0,1.0,1.0
groudon-primal.txt,1.0,1.0,1.0,1.0,1,1.0,1,1.0,1.0,1.0,1.0,1.0,1.0
beedrill.txt,1.0,1.0,1.0,1.0,1,1.0,1,1.0,1.0,1.0,1.0,1.0,1.0
fletchinder.txt,1.0,1.0,1.0,1.0,1,1.0,1,1.0,1.0,1.0,1.0,1.0,1.0
butterfree.txt,1.0,1.0,1.0,1.0,1,1.0,1,1.0,1.0,1.0,1.0,1.0,1.0
tsareena.txt,1.0,1.0,1.0,1.0,1,1.0,1,1.0,1.0,1.0,1.0,1.0,1.0
ludicolo.txt,1.0,1.0,1.0,1.0,1,1.0,1,1.0,1.0,1.0,1.0,1.0,1.0
minior-violet.txt,1.0,1.0,1.0,1.0,1,1.0,1,1.0,1.0,1.0,1.0,1.0,1.0
phanpy.txt,1.0,1.0,1.0,1.0,1,1.0,1,1.0,1.0,1.0,1.0,1.0,1.0
toxicroak.txt,1.0,1.0,1.0,1.0,1,1.0,1,1.0,1.0,1.0,1.0,1.0,1.0
rotom-heat.txt,1.0,1.0,1.0,1.0,1,1.0,1,1.0,1.0,1.0,1.0,1.0,1.0
machop.txt,1.0,1.0,1.0,1.0,1,1.0,1,1.0,1.0,1.0,1.0,1.0,1.0
cyndaquil.txt,1.0,1.0,1.0,1.0,1,1.0,1,1.0,1.0,1.0,1.0,1.0,1.0
swellow.txt,1.0,1.0,1.0,1.0,1,1.0,1,1.0,1.0,1.0,1.0,1.0,1.0
sentret.txt,1.0,1.0,1.0,1.0,1,1.0,1,1.0,1.0,1.0,1.0,1.0,1.0
grubbin.txt,1.0,1.0,1.0,1.0,1,1.0,1,1.0,1.0,1.0,1.0,1.0,1.0
golbat.txt,1.0,1.0,1.0,1.0,1,1.0,1,1.0,1.0,1.0,1.0,1.0,1.0
skorupi.txt,1.0,1.0,1.0,1.0,1,1.0,1,1.0,1.0,1.0,1.0,1.0,1.0
ampharos-mega.txt,1.0,1.0,1.0,1.0,1,1.0,1,1.0,1.0,1.0,1.0,1.0,1.0
jellicent.txt,1.0,1.0,1.0,1.0,1,1.0,1,1.0,1.0,1.0,1.0,1.0,1.0
conkeldurr.txt,1.0,1.0,1.0,1.0,1,1.0,1,1.0,1.0,1.0,1.0,1.0,1.0
yungoos.txt,1.0,1.0,1.0,1.0,1,1.0,1,1.0,1.0,1.0,1.0,1.0,1.0
meltan.txt,1.0,1.0,1.0,1.0,1,1.0,1,1.0,1.0,1.0,1.0,1.0,1.0
arceus-ice.txt,1.0,1.0,1.0,1.0,1,1.0,1,1.0,1.0,1.0,1.0,1.0,1.0
silvally-bug.txt,1.0,1.0,1.0,1.0,1,1.0,1,1.0,1.0,1.0,1.0,1.0,1.0
luxio.txt,1.0,1.0,1.0,1.0,1,1.0,1,1.0,1.0,1.0,1.0,1.0,1.0
galvantula.txt,1.0,1.0,1.0,1.0,1,1.0,1,1.0,1.0,1.0,1.0,1.0,1.0
kyurem-black.txt,1.0,1.0,1.0,1.0,1,1.0,1,1.0,1.0,1.0,1.0,1.0,1.0
binacle.txt,1.0,1.0,1.0,1.0,1,1.0,1,1.0,1.0,1.0,1.0,1.0,1.0
swirlix.txt,1.0,1.0,1.0,1.0,1,1.0,1,1.0,1.0,1.0,1.0,1.0,1.0
hippopotas.txt,1.0,1.0,1.0,1.0,1,1.0,1,1.0,1.0,1.0,1.0,1.0,1.0
crawdaunt.txt,1.0,1.0,1.0,1.0,1,1.0,1,1.0,1.0,1.0,1.0,1.0,1.0
finneon.txt,1.0,1.0,1.0,1.0,1,1.0,1,1.0,1.0,1.0,1.0,1.0,1.0
arceus-fire.txt,1.0,1.0,1.0,1.0,1,1.0,1,1.0,1.0,1.0,1.0,1.0,1.0
charizard-mega-y.txt,1.0,1.0,1.0,1.0,1,1.0,1,1.0,1.0,1.0,1.0,1.0,1.0
medicham.txt,1.0,1.0,1.0,1.0,1,1.0,1,1.0,1.0,1.0,1.0,1.0,1.0
poliwrath.txt,1.0,1.0,1.0,1.0,1,1.0,1,1.0,1.0,1.0,1.0,1.0,1.0
deoxys.txt,1.0,1.0,1.0,1.0,1,1.0,1,1.0,1.0,1.0,1.0,1.0,1.0
floette-eternal.txt,1.0,1.0,1.0,1.0,1,1.0,1,1.0,1.0,1.0,1.0,1.0,1.0
magnemite.txt,1.0,1.0,1.0,1.0,1,1.0,1,1.0,1.0,1.0,1.0,1.0,1.0
arceus-ghost.txt,1.0,1.0,1.0,1.0,1,1.0,1,1.0,1.0,1.0,1.0,1.0,1.0
dusclops.txt,1.0,1.0,1.0,1.0,1,1.0,1,1.0,1.0,1.0,1.0,1.0,1.0
koffing.txt,1.0,1.0,1.0,1.0,1,1.0,1,1.0,1.0,1.0,1.0,1.0,1.0
sandshrew-alola.txt,1.0,1.0,1.0,1.0,1,1.0,1,1.0,1.0,1.0,1.0,1.0,1.0
gengar.txt,1.0,1.0,1.0,1.0,1,1.0,1,1.0,1.0,1.0,1.0,1.0,1.0
wigglytuff.txt,1.0,1.0,1.0,1.0,1,1.0,1,1.0,1.0,1.0,1.0,1.0,1.0
rampardos.txt,1.0,1.0,1.0,1.0,1,1.0,1,1.0,1.0,1.0,1.0,1.0,1.0
tyrogue.txt,1.0,1.0,1.0,1.0,1,1.0,1,1.0,1.0,1.0,1.0,1.0,1.0
heracross-mega.txt,1.0,1.0,1.0,1.0,1,1.0,1,1.0,1.0,1.0,1.0,1.0,1.0
larvitar.txt,1.0,1.0,1.0,1.0,1,1.0,1,1.0,1.0,1.0,1.0,1.0,1.0
banette-mega.txt,1.0,1.0,1.0,1.0,1,1.0,1,1.0,1.0,1.0,1.0,1.0,1.0
castform.txt,1.0,1.0,1.0,1.0,1,1.0,1,1.0,1.0,1.0,1.0,1.0,1.0
oricorio.txt,1.0,1.0,1.0,1.0,1,1.0,1,1.0,1.0,1.0,1.0,1.0,1.0
pikachu-belle.txt,1.0,1.0,1.0,1.0,1,1.0,1,1.0,1.0,1.0,1.0,1.0,1.0
chinchou.txt,1.0,1.0,1.0,1.0,1,1.0,1,1.0,1.0,1.0,1.0,1.0,1.0
litleo.txt,1.0,1.0,1.0,1.0,1,1.0,1,1.0,1.0,1.0,1.0,1.0,1.0
unknown-gen5.txt,1.0,1.0,1.0,1.0,1,1.0,1,1.0,1.0,1.0,1.0,1.0,1.0
dusknoir.txt,1.0,1.0,1.0,1.0,1,1.0,1,1.0,1.0,1.0,1.0,1.0,1.0
furfrou-diamond.txt,1.0,1.0,1.0,1.0,1,1.0,1,1.0,1.0,1.0,1.0,1.0,1.0
minior-blue-gen7.txt,1.0,1.0,1.0,1.0,1,1.0,1,1.0,1.0,1.0,1.0,1.0,1.0
ditto.txt,1.0,1.0,1.0,1.0,1,1.0,1,1.0,1.0,1.0,1.0,1.0,1.0
manectric.txt,1.0,1.0,1.0,1.0,1,1.0,1,1.0,1.0,1.0,1.0,1.0,1.0
scrafty.txt,1.0,1.0,1.0,1.0,1,1.0,1,1.0,1.0,1.0,1.0,1.0,1.0
kakuna.txt,1.0,1.0,1.0,1.0,1,1.0,1,1.0,1.0,1.0,1.0,1.0,1.0
wingull.txt,1.0,1.0,1.0,1.0,1,1.0,1,1.0,1.0,1.0,1.0,1.0,1.0
gastrodon.txt,1.0,1.0,1.0,1.0,1,1.0,1,1.0,1.0,1.0,1.0,1.0,1.0
sunflora.txt,1.0,1.0,1.0,1.0,1,1.0,1,1.0,1.0,1.0,1.0,1.0,1.0
flaaffy.txt,1.0,1.0,1.0,1.0,1,1.0,1,1.0,1.0,1.0,1.0,1.0,1.0
greninja-ash.txt,1.0,1.0,1.0,1.0,1,1.0,1,1.0,1.0,1.0,1.0,1.0,1.0
delcatty.txt,1.0,1.0,1.0,1.0,1,1.0,1,1.0,1.0,1.0,1.0,1.0,1.0
gastly.txt,1.0,1.0,1.0,1.0,1,1.0,1,1.0,1.0,1.0,1.0,1.0,1.0
eevee-starter.txt,1.0,1.0,1.0,1.0,1,1.0,1,1.0,1.0,1.0,1.0,1.0,1.0
granbull.txt,1.0,1.0,1.0,1.0,1,1.0,1,1.0,1.0,1.0,1.0,1.0,1.0
gourgeist.txt,1.0,1.0,1.0,1.0,1,1.0,1,1.0,1.0,1.0,1.0,1.0,1.0
whismur.txt,1.0,1.0,1.0,1.0,1,1.0,1,1.0,1.0,1.0,1.0,1.0,1.0
growlithe.txt,1.0,1.0,1.0,1.0,1,1.0,1,1.0,1.0,1.0,1.0,1.0,1.0
cleffa.txt,1.0,1.0,1.0,1.0,1,1.0,1,1.0,1.0,1.0,1.0,1.0,1.0
sigilyph.txt,1.0,1.0,1.0,1.0,1,1.0,1,1.0,1.0,1.0,1.0,1.0,1.0
minior-indigo.txt,1.0,1.0,1.0,1.0,1,1.0,1,1.0,1.0,1.0,1.0,1.0,1.0
mr-mime.txt,1.0,1.0,1.0,1.0,1,1.0,1,1.0,1.0,1.0,1.0,1.0,1.0
passimian.txt,1.0,1.0,1.0,1.0,1,1.0,1,1.0,1.0,1.0,1.0,1.0,1.0
frogadier.txt,1.0,1.0,1.0,1.0,1,1.0,1,1.0,1.0,1.0,1.0,1.0,1.0
naganadel.txt,1.0,1.0,1.0,1.0,1,1.0,1,1.0,1.0,1.0,1.0,1.0,1.0
ariados.txt,1.0,1.0,1.0,1.0,1,1.0,1,1.0,1.0,1.0,1.0,1.0,1.0
minior-orange-gen7.txt,1.0,1.0,1.0,1.0,1,1.0,1,1.0,1.0,1.0,1.0,1.0,1.0
fletchling.txt,1.0,1.0,1.0,1.0,1,1.0,1,1.0,1.0,1.0,1.0,1.0,1.0
roggenrola.txt,1.0,1.0,1.0,1.0,1,1.0,1,1.0,1.0,1.0,1.0,1.0,1.0
duosion.txt,1.0,1.0,1.0,1.0,1,1.0,1,1.0,1.0,1.0,1.0,1.0,1.0
scraggy.txt,1.0,1.0,1.0,1.0,1,1.0,1,1.0,1.0,1.0,1.0,1.0,1.0
shedinja.txt,1.0,1.0,1.0,1.0,1,1.0,1,1.0,1.0,1.0,1.0,1.0,1.0
sawk.txt,1.0,1.0,1.0,1.0,1,1.0,1,1.0,1.0,1.0,1.0,1.0,1.0
shelmet.txt,1.0,1.0,1.0,1.0,1,1.0,1,1.0,1.0,1.0,1.0,1.0,1.0
gumshoos.txt,1.0,1.0,1.0,1.0,1,1.0,1,1.0,1.0,1.0,1.0,1.0,1.0
latias.txt,1.0,1.0,1.0,1.0,1,1.0,1,1.0,1.0,1.0,1.0,1.0,1.0
tornadus.txt,1.0,1.0,1.0,1.0,1,1.0,1,1.0,1.0,1.0,1.0,1.0,1.0
azelf.txt,1.0,1.0,1.0,1.0,1,1.0,1,1.0,1.0,1.0,1.0,1.0,1.0
venusaur.txt,1.0,1.0,1.0,1.0,1,1.0,1,1.0,1.0,1.0,1.0,1.0,1.0
drampa.txt,1.0,1.0,1.0,1.0,1,1.0,1,1.0,1.0,1.0,1.0,1.0,1.0
liepard.txt,1.0,1.0,1.0,1.0,1,1.0,1,1.0,1.0,1.0,1.0,1.0,1.0
musharna.txt,1.0,1.0,1.0,1.0,1,1.0,1,1.0,1.0,1.0,1.0,1.0,1.0
aipom.txt,1.0,1.0,1.0,1.0,1,1.0,1,1.0,1.0,1.0,1.0,1.0,1.0
xurkitree.txt,1.0,1.0,1.0,1.0,1,1.0,1,1.0,1.0,1.0,1.0,1.0,1.0
seaking.txt,1.0,1.0,1.0,1.0,1,1.0,1,1.0,1.0,1.0,1.0,1.0,1.0
heatmor.txt,1.0,1.0,1.0,1.0,1,1.0,1,1.0,1.0,1.0,1.0,1.0,1.0
meditite.txt,1.0,1.0,1.0,1.0,1,1.0,1,1.0,1.0,1.0,1.0,1.0,1.0
ivysaur.txt,1.0,1.0,1.0,1.0,1,1.0,1,1.0,1.0,1.0,1.0,1.0,1.0
chandelure.txt,1.0,1.0,1.0,1.0,1,1.0,1,1.0,1.0,1.0,1.0,1.0,1.0
florges-orange.txt,1.0,1.0,1.0,1.0,1,1.0,1,1.0,1.0,1.0,1.0,1.0,1.0
ninetales-alola.txt,1.0,1.0,1.0,1.0,1,1.0,1,1.0,1.0,1.0,1.0,1.0,1.0
cubone.txt,1.0,1.0,1.0,1.0,1,1.0,1,1.0,1.0,1.0,1.0,1.0,1.0
gible.txt,1.0,1.0,1.0,1.0,1,1.0,1,1.0,1.0,1.0,1.0,1.0,1.0
corphish.txt,1.0,1.0,1.0,1.0,1,1.0,1,1.0,1.0,1.0,1.0,1.0,1.0
octillery.txt,1.0,1.0,1.0,1.0,1,1.0,1,1.0,1.0,1.0,1.0,1.0,1.0
slowpoke-galar.txt,1.0,1.0,1.0,1.0,1,1.0,1,1.0,1.0,1.0,1.0,1.0,1.0
rhyhorn.txt,1.0,1.0,1.0,1.0,1,1.0,1,1.0,1.0,1.0,1.0,1.0,1.0
wailord.txt,1.0,1.0,1.0,1.0,1,1.0,1,1.0,1.0,1.0,1.0,1.0,1.0
machamp.txt,1.0,1.0,1.0,1.0,1,1.0,1,1.0,1.0,1.0,1.0,1.0,1.0
ninjask.txt,1.0,1.0,1.0,1.0,1,1.0,1,1.0,1.0,1.0,1.0,1.0,1.0
grotle.txt,1.0,1.0,1.0,1.0,1,1.0,1,1.0,1.0,1.0,1.0,1.0,1.0
dragonair.txt,1.0,1.0,1.0,1.0,1,1.0,1,1.0,1.0,1.0,1.0,1.0,1.0
salandit.txt,1.0,1.0,1.0,1.0,1,1.0,1,1.0,1.0,1.0,1.0,1.0,1.0
pikachu.txt,1.0,1.0,1.0,1.0,1,1.0,1,1.0,1.0,1.0,1.0,1.0,1.0
typhlosion.txt,1.0,1.0,1.0,1.0,1,1.0,1,1.0,1.0,1.0,1.0,1.0,1.0
mime-jr.txt,1.0,1.0,1.0,1.0,1,1.0,1,1.0,1.0,1.0,1.0,1.0,1.0
zebstrika.txt,1.0,1.0,1.0,1.0,1,1.0,1,1.0,1.0,1.0,1.0,1.0,1.0
diggersby.txt,1.0,1.0,1.0,1.0,1,1.0,1,1.0,1.0,1.0,1.0,1.0,1.0
chimecho.txt,1.0,1.0,1.0,1.0,1,1.0,1,1.0,1.0,1.0,1.0,1.0,1.0
aromatisse.txt,1.0,1.0,1.0,1.0,1,1.0,1,1.0,1.0,1.0,1.0,1.0,1.0
trevenant.txt,1.0,1.0,1.0,1.0,1,1.0,1,1.0,1.0,1.0,1.0,1.0,1.0
azumarill.txt,1.0,1.0,1.0,1.0,1,1.0,1,1.0,1.0,1.0,1.0,1.0,1.0
audino.txt,1.0,1.0,1.0,1.0,1,1.0,1,1.0,1.0,1.0,1.0,1.0,1.0
dodrio.txt,1.0,1.0,1.0,1.0,1,1.0,1,1.0,1.0,1.0,1.0,1.0,1.0
tapu-bulu.txt,1.0,1.0,1.0,1.0,1,1.0,1,1.0,1.0,1.0,1.0,1.0,1.0
aggron.txt,1.0,1.0,1.0,1.0,1,1.0,1,1.0,1.0,1.0,1.0,1.0,1.0
dialga.txt,1.0,1.0,1.0,1.0,1,1.0,1,1.0,1.0,1.0,1.0,1.0,1.0
tauros.txt,1.0,1.0,1.0,1.0,1,1.0,1,1.0,1.0,1.0,1.0,1.0,1.0
totodile.txt,1.0,1.0,1.0,1.0,1,1.0,1,1.0,1.0,1.0,1.0,1.0,1.0
cottonee.txt,1.0,1.0,1.0,1.0,1,1.0,1,1.0,1.0,1.0,1.0,1.0,1.0
silcoon.txt,1.0,1.0,1.0,1.0,1,1.0,1,1.0,1.0,1.0,1.0,1.0,1.0
araquanid.txt,1.0,1.0,1.0,1.0,1,1.0,1,1.0,1.0,1.0,1.0,1.0,1.0
tropius.txt,1.0,1.0,1.0,1.0,1,1.0,1,1.0,1.0,1.0,1.0,1.0,1.0
gallade.txt,1.0,1.0,1.0,1.0,1,1.0,1,1.0,1.0,1.0,1.0,1.0,1.0
bouffalant.txt,1.0,1.0,1.0,1.0,1,1.0,1,1.0,1.0,1.0,1.0,1.0,1.0
lucario-mega.txt,1.0,1.0,1.0,1.0,1,1.0,1,1.0,1.0,1.0,1.0,1.0,1.0
castform-sunny.txt,1.0,1.0,1.0,1.0,1,1.0,1,1.0,1.0,1.0,1.0,1.0,1.0
pikachu-starter.txt,1.0,1.0,1.0,1.0,1,1.0,1,1.0,1.0,1.0,1.0,1.0,1.0
mega.txt,1.0,1.0,1.0,1.0,1,1.0,1,1.0,1.0,1.0,1.0,1.0,1.0
cascoon.txt,1.0,1.0,1.0,1.0,1,1.0,1,1.0,1.0,1.0,1.0,1.0,1.0
stunfisk.txt,1.0,1.0,1.0,1.0,1,1.0,1,1.0,1.0,1.0,1.0,1.0,1.0
hydreigon.txt,1.0,1.0,1.0,1.0,1,1.0,1,1.0,1.0,1.0,1.0,1.0,1.0
cryogonal.txt,1.0,1.0,1.0,1.0,1,1.0,1,1.0,1.0,1.0,1.0,1.0,1.0
rapidash.txt,1.0,1.0,1.0,1.0,1,1.0,1,1.0,1.0,1.0,1.0,1.0,1.0
stantler.txt,1.0,1.0,1.0,1.0,1,1.0,1,1.0,1.0,1.0,1.0,1.0,1.0
tapu-fini.txt,1.0,1.0,1.0,1.0,1,1.0,1,1.0,1.0,1.0,1.0,1.0,1.0
vivillon-savanna.txt,1.0,1.0,1.0,1.0,1,1.0,1,1.0,1.0,1.0,1.0,1.0,1.0
steenee.txt,1.0,1.0,1.0,1.0,1,1.0,1,1.0,1.0,1.0,1.0,1.0,1.0
snubbull.txt,1.0,1.0,1.0,1.0,1,1.0,1,1.0,1.0,1.0,1.0,1.0,1.0
alakazam-mega.txt,1.0,1.0,1.0,1.0,1,1.0,1,1.0,1.0,1.0,1.0,1.0,1.0
ampharos.txt,1.0,1.0,1.0,1.0,1,1.0,1,1.0,1.0,1.0,1.0,1.0,1.0
surskit.txt,1.0,1.0,1.0,1.0,1,1.0,1,1.0,1.0,1.0,1.0,1.0,1.0
crabominable.txt,1.0,1.0,1.0,1.0,1,1.0,1,1.0,1.0,1.0,1.0,1.0,1.0
pikachu-libre.txt,1.0,1.0,1.0,1.0,1,1.0,1,1.0,1.0,1.0,1.0,1.0,1.0
monferno.txt,1.0,1.0,1.0,1.0,1,1.0,1,1.0,1.0,1.0,1.0,1.0,1.0
furfrou-star.txt,1.0,1.0,1.0,1.0,1,1.0,1,1.0,1.0,1.0,1.0,1.0,1.0
rhydon.txt,1.0,1.0,1.0,1.0,1,1.0,1,1.0,1.0,1.0,1.0,1.0,1.0
arbok.txt,1.0,1.0,1.0,1.0,1,1.0,1,1.0,1.0,1.0,1.0,1.0,1.0
amaura.txt,1.0,1.0,1.0,1.0,1,1.0,1,1.0,1.0,1.0,1.0,1.0,1.0
lucario.txt,1.0,1.0,1.0,1.0,1,1.0,1,1.0,1.0,1.0,1.0,1.0,1.0
vullaby.txt,1.0,1.0,1.0,1.0,1,1.0,1,1.0,1.0,1.0,1.0,1.0,1.0
venipede.txt,1.0,1.0,1.0,1.0,1,1.0,1,1.0,1.0,1.0,1.0,1.0,1.0
pupitar.txt,1.0,1.0,1.0,1.0,1,1.0,1,1.0,1.0,1.0,1.0,1.0,1.0
elekid.txt,1.0,1.0,1.0,1.0,1,1.0,1,1.0,1.0,1.0,1.0,1.0,1.0
goomy.txt,1.0,1.0,1.0,1.0,1,1.0,1,1.0,1.0,1.0,1.0,1.0,1.0
sandile.txt,1.0,1.0,1.0,1.0,1,1.0,1,1.0,1.0,1.0,1.0,1.0,1.0
pignite.txt,1.0,1.0,1.0,1.0,1,1.0,1,1.0,1.0,1.0,1.0,1.0,1.0
tangela.txt,1.0,1.0,1.0,1.0,1,1.0,1,1.0,1.0,1.0,1.0,1.0,1.0
doublade.txt,1.0,1.0,1.0,1.0,1,1.0,1,1.0,1.0,1.0,1.0,1.0,1.0
brionne.txt,1.0,1.0,1.0,1.0,1,1.0,1,1.0,1.0,1.0,1.0,1.0,1.0
drifloon.txt,1.0,1.0,1.0,1.0,1,1.0,1,1.0,1.0,1.0,1.0,1.0,1.0
stufful.txt,1.0,1.0,1.0,1.0,1,1.0,1,1.0,1.0,1.0,1.0,1.0,1.0
bayleef.txt,1.0,1.0,1.0,1.0,1,1.0,1,1.0,1.0,1.0,1.0,1.0,1.0
clefairy.txt,1.0,1.0,1.0,1.0,1,1.0,1,1.0,1.0,1.0,1.0,1.0,1.0
sceptile.txt,1.0,1.0,1.0,1.0,1,1.0,1,1.0,1.0,1.0,1.0,1.0,1.0
scizor-mega.txt,1.0,1.0,1.0,1.0,1,1.0,1,1.0,1.0,1.0,1.0,1.0,1.0
azurill.txt,1.0,1.0,1.0,1.0,1,1.0,1,1.0,1.0,1.0,1.0,1.0,1.0
egg-manaphy.txt,1.0,1.0,1.0,1.0,1,1.0,1,1.0,1.0,1.0,1.0,1.0,1.0
jangmo-o.txt,1.0,1.0,1.0,1.0,1,1.0,1,1.0,1.0,1.0,1.0,1.0,1.0
panpour.txt,1.0,1.0,1.0,1.0,1,1.0,1,1.0,1.0,1.0,1.0,1.0,1.0
medicham-mega.txt,1.0,1.0,1.0,1.0,1,1.0,1,1.0,1.0,1.0,1.0,1.0,1.0
chespin.txt,1.0,1.0,1.0,1.0,1,1.0,1,1.0,1.0,1.0,1.0,1.0,1.0
meloetta.txt,1.0,1.0,1.0,1.0,1,1.0,1,1.0,1.0,1.0,1.0,1.0,1.0
staravia.txt,1.0,1.0,1.0,1.0,1,1.0,1,1.0,1.0,1.0,1.0,1.0,1.0
linoone.txt,1.0,1.0,1.0,1.0,1,1.0,1,1.0,1.0,1.0,1.0,1.0,1.0
minior-yellow.txt,1.0,1.0,1.0,1.0,1,1.0,1,1.0,1.0,1.0,1.0,1.0,1.0
spiritomb.txt,1.0,1.0,1.0,1.0,1,1.0,1,1.0,1.0,1.0,1.0,1.0,1.0
zoroark.txt,1.0,1.0,1.0,1.0,1,1.0,1,1.0,1.0,1.0,1.0,1.0,1.0
silvally-fire.txt,1.0,1.0,1.0,1.0,1,1.0,1,1.0,1.0,1.0,1.0,1.0,1.0
chikorita.txt,1.0,1.0,1.0,1.0,1,1.0,1,1.0,1.0,1.0,1.0,1.0,1.0
spinda.txt,1.0,1.0,1.0,1.0,1,1.0,1,1.0,1.0,1.0,1.0,1.0,1.0
scatterbug.txt,1.0,1.0,1.0,1.0,1,1.0,1,1.0,1.0,1.0,1.0,1.0,1.0
rotom-fan.txt,1.0,1.0,1.0,1.0,1,1.0,1,1.0,1.0,1.0,1.0,1.0,1.0
vanillite.txt,1.0,1.0,1.0,1.0,1,1.0,1,1.0,1.0,1.0,1.0,1.0,1.0
grimer.txt,1.0,1.0,1.0,1.0,1,1.0,1,1.0,1.0,1.0,1.0,1.0,1.0
beheeyem.txt,1.0,1.0,1.0,1.0,1,1.0,1,1.0,1.0,1.0,1.0,1.0,1.0
leafeon.txt,1.0,1.0,1.0,1.0,1,1.0,1,1.0,1.0,1.0,1.0,1.0,1.0
doduo.txt,1.0,1.0,1.0,1.0,1,1.0,1,1.0,1.0,1.0,1.0,1.0,1.0
ferrothorn.txt,1.0,1.0,1.0,1.0,1,1.0,1,1.0,1.0,1.0,1.0,1.0,1.0
charjabug.txt,1.0,1.0,1.0,1.0,1,1.0,1,1.0,1.0,1.0,1.0,1.0,1.0
misdreavus.txt,1.0,1.0,1.0,1.0,1,1.0,1,1.0,1.0,1.0,1.0,1.0,1.0
kingdra.txt,1.0,1.0,1.0,1.0,1,1.0,1,1.0,1.0,1.0,1.0,1.0,1.0
vivillon-archipelago.txt,1.0,1.0,1.0,1.0,1,1.0,1,1.0,1.0,1.0,1.0,1.0,1.0
pumpkaboo-small.txt,1.0,1.0,1.0,1.0,1,1.0,1,1.0,1.0,1.0,1.0,1.0,1.0
shuckle.txt,1.0,1.0,1.0,1.0,1,1.0,1,1.0,1.0,1.0,1.0,1.0,1.0
rayquaza.txt,1.0,1.0,1.0,1.0,1,1.0,1,1.0,1.0,1.0,1.0,1.0,1.0
mudbray.txt,1.0,1.0,1.0,1.0,1,1.0,1,1.0,1.0,1.0,1.0,1.0,1.0
kricketune.txt,1.0,1.0,1.0,1.0,1,1.0,1,1.0,1.0,1.0,1.0,1.0,1.0
palossand.txt,1.0,1.0,1.0,1.0,1,1.0,1,1.0,1.0,1.0,1.0,1.0,1.0
giratina-origin.txt,1.0,1.0,1.0,1.0,1,1.0,1,1.0,1.0,1.0,1.0,1.0,1.0
skrelp.txt,1.0,1.0,1.0,1.0,1,1.0,1,1.0,1.0,1.0,1.0,1.0,1.0
baltoy.txt,1.0,1.0,1.0,1.0,1,1.0,1,1.0,1.0,1.0,1.0,1.0,1.0
ledyba.txt,1.0,1.0,1.0,1.0,1,1.0,1,1.0,1.0,1.0,1.0,1.0,1.0
luxray.txt,1.0,1.0,1.0,1.0,1,1.0,1,1.0,1.0,1.0,1.0,1.0,1.0
trumbeak.txt,1.0,1.0,1.0,1.0,1,1.0,1,1.0,1.0,1.0,1.0,1.0,1.0
vivillon-monsoon.txt,1.0,1.0,1.0,1.0,1,1.0,1,1.0,1.0,1.0,1.0,1.0,1.0
sandygast.txt,1.0,1.0,1.0,1.0,1,1.0,1,1.0,1.0,1.0,1.0,1.0,1.0
yanma.txt,1.0,1.0,1.0,1.0,1,1.0,1,1.0,1.0,1.0,1.0,1.0,1.0
dewpider.txt,1.0,1.0,1.0,1.0,1,1.0,1,1.0,1.0,1.0,1.0,1.0,1.0
flabebe-orange.txt,1.0,1.0,1.0,1.0,1,1.0,1,1.0,1.0,1.0,1.0,1.0,1.0
turtonator.txt,1.0,1.0,1.0,1.0,1,1.0,1,1.0,1.0,1.0,1.0,1.0,1.0
lugia.txt,1.0,1.0,1.0,1.0,1,1.0,1,1.0,1.0,1.0,1.0,1.0,1.0
hawlucha.txt,1.0,1.0,1.0,1.0,1,1.0,1,1.0,1.0,1.0,1.0,1.0,1.0
solgaleo.txt,1.0,1.0,1.0,1.0,1,1.0,1,1.0,1.0,1.0,1.0,1.0,1.0
vespiquen.txt,1.0,1.0,1.0,1.0,1,1.0,1,1.0,1.0,1.0,1.0,1.0,1.0
leavanny.txt,1.0,1.0,1.0,1.0,1,1.0,1,1.0,1.0,1.0,1.0,1.0,1.0
kangaskhan-mega.txt,1.0,1.0,1.0,1.0,1,1.0,1,1.0,1.0,1.0,1.0,1.0,1.0
florges-white.txt,1.0,1.0,1.0,1.0,1,1.0,1,1.0,1.0,1.0,1.0,1.0,1.0
squirtle.txt,1.0,1.0,1.0,1.0,1,1.0,1,1.0,1.0,1.0,1.0,1.0,1.0
geodude-alola.txt,1.0,1.0,1.0,1.0,1,1.0,1,1.0,1.0,1.0,1.0,1.0,1.0
exeggcute.txt,1.0,1.0,1.0,1.0,1,1.0,1,1.0,1.0,1.0,1.0,1.0,1.0
slowking.txt,1.0,1.0,1.0,1.0,1,1.0,1,1.0,1.0,1.0,1.0,1.0,1.0
carvanha.txt,1.0,1.0,1.0,1.0,1,1.0,1,1.0,1.0,1.0,1.0,1.0,1.0
emolga.txt,1.0,1.0,1.0,1.0,1,1.0,1,1.0,1.0,1.0,1.0,1.0,1.0
goodra.txt,1.0,1.0,1.0,1.0,1,1.0,1,1.0,1.0,1.0,1.0,1.0,1.0
regice.txt,1.0,1.0,1.0,1.0,1,1.0,1,1.0,1.0,1.0,1.0,1.0,1.0
vivillon-elegant.txt,1.0,1.0,1.0,1.0,1,1.0,1,1.0,1.0,1.0,1.0,1.0,1.0
volbeat.txt,1.0,1.0,1.0,1.0,1,1.0,1,1.0,1.0,1.0,1.0,1.0,1.0
deoxys-defense.txt,1.0,1.0,1.0,1.0,1,1.0,1,1.0,1.0,1.0,1.0,1.0,1.0
egg.txt,1.0,1.0,1.0,1.0,1,1.0,1,1.0,1.0,1.0,1.0,1.0,1.0
grovyle.txt,1.0,1.0,1.0,1.0,1,1.0,1,1.0,1.0,1.0,1.0,1.0,1.0
wishiwashi-school.txt,1.0,1.0,1.0,1.0,1,1.0,1,1.0,1.0,1.0,1.0,1.0,1.0
meowth.txt,1.0,1.0,1.0,1.0,1,1.0,1,1.0,1.0,1.0,1.0,1.0,1.0
unown.txt,1.0,1.0,1.0,1.0,1,1.0,1,1.0,1.0,1.0,1.0,1.0,1.0
muk-alola.txt,1.0,1.0,1.0,1.0,1,1.0,1,1.0,1.0,1.0,1.0,1.0,1.0
marshadow-gen7.txt,1.0,1.0,1.0,1.0,1,1.0,1,1.0,1.0,1.0,1.0,1.0,1.0
togekiss.txt,1.0,1.0,1.0,1.0,1,1.0,1,1.0,1.0,1.0,1.0,1.0,1.0
kricketot.txt,1.0,1.0,1.0,1.0,1,1.0,1,1.0,1.0,1.0,1.0,1.0,1.0
terrakion.txt,1.0,1.0,1.0,1.0,1,1.0,1,1.0,1.0,1.0,1.0,1.0,1.0
gengar-mega.txt,1.0,1.0,1.0,1.0,1,1.0,1,1.0,1.0,1.0,1.0,1.0,1.0
salamence-mega.txt,1.0,1.0,1.0,1.0,1,1.0,1,1.0,1.0,1.0,1.0,1.0,1.0
sawsbuck-summer.txt,1.0,1.0,1.0,1.0,1,1.0,1,1.0,1.0,1.0,1.0,1.0,1.0
zeraora.txt,1.0,1.0,1.0,1.0,1,1.0,1,1.0,1.0,1.0,1.0,1.0,1.0
arceus-flying.txt,1.0,1.0,1.0,1.0,1,1.0,1,1.0,1.0,1.0,1.0,1.0,1.0
bellsprout.txt,1.0,1.0,1.0,1.0,1,1.0,1,1.0,1.0,1.0,1.0,1.0,1.0
luvdisc.txt,1.0,1.0,1.0,1.0,1,1.0,1,1.0,1.0,1.0,1.0,1.0,1.0
furfrou-dandy.txt,1.0,1.0,1.0,1.0,1,1.0,1,1.0,1.0,1.0,1.0,1.0,1.0
dragalge.txt,1.0,1.0,1.0,1.0,1,1.0,1,1.0,1.0,1.0,1.0,1.0,1.0
horsea.txt,1.0,1.0,1.0,1.0,1,1.0,1,1.0,1.0,1.0,1.0,1.0,1.0
nincada.txt,1.0,1.0,1.0,1.0,1,1.0,1,1.0,1.0,1.0,1.0,1.0,1.0
garbodor.txt,1.0,1.0,1.0,1.0,1,1.0,1,1.0,1.0,1.0,1.0,1.0,1.0
salazzle.txt,1.0,1.0,1.0,1.0,1,1.0,1,1.0,1.0,1.0,1.0,1.0,1.0
pichu-spiky-eared.txt,1.0,1.0,1.0,1.0,1,1.0,1,1.0,1.0,1.0,1.0,1.0,1.0
electrode.txt,1.0,1.0,1.0,1.0,1,1.0,1,1.0,1.0,1.0,1.0,1.0,1.0
metang.txt,1.0,1.0,1.0,1.0,1,1.0,1,1.0,1.0,1.0,1.0,1.0,1.0
donphan.txt,1.0,1.0,1.0,1.0,1,1.0,1,1.0,1.0,1.0,1.0,1.0,1.0
fennekin.txt,1.0,1.0,1.0,1.0,1,1.0,1,1.0,1.0,1.0,1.0,1.0,1.0
oricorio-pau.txt,1.0,1.0,1.0,1.0,1,1.0,1,1.0,1.0,1.0,1.0,1.0,1.0
jynx.txt,1.0,1.0,1.0,1.0,1,1.0,1,1.0,1.0,1.0,1.0,1.0,1.0
pinsir-mega.txt,1.0,1.0,1.0,1.0,1,1.0,1,1.0,1.0,1.0,1.0,1.0,1.0
arceus-grass.txt,1.0,1.0,1.0,1.0,1,1.0,1,1.0,1.0,1.0,1.0,1.0,1.0
yamask.txt,1.0,1.0,1.0,1.0,1,1.0,1,1.0,1.0,1.0,1.0,1.0,1.0
druddigon.txt,1.0,1.0,1.0,1.0,1,1.0,1,1.0,1.0,1.0,1.0,1.0,1.0
kabuto.txt,1.0,1.0,1.0,1.0,1,1.0,1,1.0,1.0,1.0,1.0,1.0,1.0
braviary.txt,1.0,1.0,1.0,1.0,1,1.0,1,1.0,1.0,1.0,1.0,1.0,1.0
swoobat.txt,1.0,1.0,1.0,1.0,1,1.0,1,1.0,1.0,1.0,1.0,1.0,1.0
furfrou-matron.txt,1.0,1.0,1.0,1.0,1,1.0,1,1.0,1.0,1.0,1.0,1.0,1.0
magmar.txt,1.0,1.0,1.0,1.0,1,1.0,1,1.0,1.0,1.0,1.0,1.0,1.0
arceus-poison.txt,1.0,1.0,1.0,1.0,1,1.0,1,1.0,1.0,1.0,1.0,1.0,1.0
charmander.txt,1.0,1.0,1.0,1.0,1,1.0,1,1.0,1.0,1.0,1.0,1.0,1.0
deerling.txt,1.0,1.0,1.0,1.0,1,1.0,1,1.0,1.0,1.0,1.0,1.0,1.0
celebi.txt,1.0,1.0,1.0,1.0,1,1.0,1,1.0,1.0,1.0,1.0,1.0,1.0
turtwig.txt,1.0,1.0,1.0,1.0,1,1.0,1,1.0,1.0,1.0,1.0,1.0,1.0
breloom.txt,1.0,1.0,1.0,1.0,1,1.0,1,1.0,1.0,1.0,1.0,1.0,1.0
burmy.txt,1.0,1.0,1.0,1.0,1,1.0,1,1.0,1.0,1.0,1.0,1.0,1.0
zweilous.txt,1.0,1.0,1.0,1.0,1,1.0,1,1.0,1.0,1.0,1.0,1.0,1.0
silvally-dark.txt,1.0,1.0,1.0,1.0,1,1.0,1,1.0,1.0,1.0,1.0,1.0,1.0
gourgeist-small.txt,1.0,1.0,1.0,1.0,1,1.0,1,1.0,1.0,1.0,1.0,1.0,1.0
vivillon-icy-snow.txt,1.0,1.0,1.0,1.0,1,1.0,1,1.0,1.0,1.0,1.0,1.0,1.0
swinub.txt,1.0,1.0,1.0,1.0,1,1.0,1,1.0,1.0,1.0,1.0,1.0,1.0
axew.txt,1.0,1.0,1.0,1.0,1,1.0,1,1.0,1.0,1.0,1.0,1.0,1.0
darkrai.txt,1.0,1.0,1.0,1.0,1,1.0,1,1.0,1.0,1.0,1.0,1.0,1.0
pangoro.txt,1.0,1.0,1.0,1.0,1,1.0,1,1.0,1.0,1.0,1.0,1.0,1.0
oricorio-pom-pom.txt,1.0,1.0,1.0,1.0,1,1.0,1,1.0,1.0,1.0,1.0,1.0,1.0
blaziken-mega.txt,1.0,1.0,1.0,1.0,1,1.0,1,1.0,1.0,1.0,1.0,1.0,1.0
dewgong.txt,1.0,1.0,1.0,1.0,1,1.0,1,1.0,1.0,1.0,1.0,1.0,1.0
krabby.txt,1.0,1.0,1.0,1.0,1,1.0,1,1.0,1.0,1.0,1.0,1.0,1.0
castform-snowy.txt,1.0,1.0,1.0,1.0,1,1.0,1,1.0,1.0,1.0,1.0,1.0,1.0
deoxys-attack.txt,1.0,1.0,1.0,1.0,1,1.0,1,1.0,1.0,1.0,1.0,1.0,1.0
vigoroth.txt,1.0,1.0,1.0,1.0,1,1.0,1,1.0,1.0,1.0,1.0,1.0,1.0
volcarona.txt,1.0,1.0,1.0,1.0,1,1.0,1,1.0,1.0,1.0,1.0,1.0,1.0
ninetales.txt,1.0,1.0,1.0,1.0,1,1.0,1,1.0,1.0,1.0,1.0,1.0,1.0
blitzle.txt,1.0,1.0,1.0,1.0,1,1.0,1,1.0,1.0,1.0,1.0,1.0,1.0
pawniard.txt,1.0,1.0,1.0,1.0,1,1.0,1,1.0,1.0,1.0,1.0,1.0,1.0
porygon2.txt,1.0,1.0,1.0,1.0,1,1.0,1,1.0,1.0,1.0,1.0,1.0,1.0
thundurus-therian.txt,1.0,1.0,1.0,1.0,1,1.0,1,1.0,1.0,1.0,1.0,1.0,1.0
tentacruel.txt,1.0,1.0,1.0,1.0,1,1.0,1,1.0,1.0,1.0,1.0,1.0,1.0
lairon.txt,1.0,1.0,1.0,1.0,1,1.0,1,1.0,1.0,1.0,1.0,1.0,1.0
croagunk.txt,1.0,1.0,1.0,1.0,1,1.0,1,1.0,1.0,1.0,1.0,1.0,1.0
xatu.txt,1.0,1.0,1.0,1.0,1,1.0,1,1.0,1.0,1.0,1.0,1.0,1.0
gothitelle.txt,1.0,1.0,1.0,1.0,1,1.0,1,1.0,1.0,1.0,1.0,1.0,1.0
krookodile.txt,1.0,1.0,1.0,1.0,1,1.0,1,1.0,1.0,1.0,1.0,1.0,1.0
furfrou.txt,1.0,1.0,1.0,1.0,1,1.0,1,1.0,1.0,1.0,1.0,1.0,1.0
genesect-chill.txt,1.0,1.0,1.0,1.0,1,1.0,1,1.0,1.0,1.0,1.0,1.0,1.0
gourgeist-large.txt,1.0,1.0,1.0,1.0,1,1.0,1,1.0,1.0,1.0,1.0,1.0,1.0
furret.txt,1.0,1.0,1.0,1.0,1,1.0,1,1.0,1.0,1.0,1.0,1.0,1.0
vivillon-high-plains.txt,1.0,1.0,1.0,1.0,1,1.0,1,1.0,1.0,1.0,1.0,1.0,1.0
grumpig.txt,1.0,1.0,1.0,1.0,1,1.0,1,1.0,1.0,1.0,1.0,1.0,1.0
wailmer.txt,1.0,1.0,1.0,1.0,1,1.0,1,1.0,1.0,1.0,1.0,1.0,1.0
clefable.txt,1.0,1.0,1.0,1.0,1,1.0,1,1.0,1.0,1.0,1.0,1.0,1.0
charmeleon.txt,1.0,1.0,1.0,1.0,1,1.0,1,1.0,1.0,1.0,1.0,1.0,1.0
simisear.txt,1.0,1.0,1.0,1.0,1,1.0,1,1.0,1.0,1.0,1.0,1.0,1.0
blissey.txt,1.0,1.0,1.0,1.0,1,1.0,1,1.0,1.0,1.0,1.0,1.0,1.0
natu.txt,1.0,1.0,1.0,1.0,1,1.0,1,1.0,1.0,1.0,1.0,1.0,1.0
venomoth.txt,1.0,1.0,1.0,1.0,1,1.0,1,1.0,1.0,1.0,1.0,1.0,1.0
phantump.txt,1.0,1.0,1.0,1.0,1,1.0,1,1.0,1.0,1.0,1.0,1.0,1.0
virizion.txt,1.0,1.0,1.0,1.0,1,1.0,1,1.0,1.0,1.0,1.0,1.0,1.0
spritzee.txt,1.0,1.0,1.0,1.0,1,1.0,1,1.0,1.0,1.0,1.0,1.0,1.0
scolipede.txt,1.0,1.0,1.0,1.0,1,1.0,1,1.0,1.0,1.0,1.0,1.0,1.0
mamoswine.txt,1.0,1.0,1.0,1.0,1,1.0,1,1.0,1.0,1.0,1.0,1.0,1.0
landorus-therian.txt,1.0,1.0,1.0,1.0,1,1.0,1,1.0,1.0,1.0,1.0,1.0,1.0
kirlia.txt,1.0,1.0,1.0,1.0,1,1.0,1,1.0,1.0,1.0,1.0,1.0,1.0
minior.txt,1.0,1.0,1.0,1.0,1,1.0,1,1.0,1.0,1.0,1.0,1.0,1.0
minior-yellow-gen7.txt,1.0,1.0,1.0,1.0,1,1.0,1,1.0,1.0,1.0,1.0,1.0,1.0
omastar.txt,1.0,1.0,1.0,1.0,1,1.0,1,1.0,1.0,1.0,1.0,1.0,1.0
hoopa.txt,1.0,1.0,1.0,1.0,1,1.0,1,1.0,1.0,1.0,1.0,1.0,1.0
steelix.txt,1.0,1.0,1.0,1.0,1,1.0,1,1.0,1.0,1.0,1.0,1.0,1.0
karrablast.txt,1.0,1.0,1.0,1.0,1,1.0,1,1.0,1.0,1.0,1.0,1.0,1.0
torkoal.txt,1.0,1.0,1.0,1.0,1,1.0,1,1.0,1.0,1.0,1.0,1.0,1.0
furfrou-heart.txt,1.0,1.0,1.0,1.0,1,1.0,1,1.0,1.0,1.0,1.0,1.0,1.0
rotom.txt,1.0,1.0,1.0,1.0,1,1.0,1,1.0,1.0,1.0,1.0,1.0,1.0
vivillon-polar.txt,1.0,1.0,1.0,1.0,1,1.0,1,1.0,1.0,1.0,1.0,1.0,1.0
hoothoot.txt,1.0,1.0,1.0,1.0,1,1.0,1,1.0,1.0,1.0,1.0,1.0,1.0
lombre.txt,1.0,1.0,1.0,1.0,1,1.0,1,1.0,1.0,1.0,1.0,1.0,1.0
rowlet.txt,1.0,1.0,1.0,1.0,1,1.0,1,1.0,1.0,1.0,1.0,1.0,1.0
pikachu-kalos-cap.txt,1.0,1.0,1.0,1.0,1,1.0,1,1.0,1.0,1.0,1.0,1.0,1.0
vivillon-ocean.txt,1.0,1.0,1.0,1.0,1,1.0,1,1.0,1.0,1.0,1.0,1.0,1.0
durant.txt,1.0,1.0,1.0,1.0,1,1.0,1,1.0,1.0,1.0,1.0,1.0,1.0
rayquaza-mega.txt,1.0,1.0,1.0,1.0,1,1.0,1,1.0,1.0,1.0,1.0,1.0,1.0
sunkern.txt,1.0,1.0,1.0,1.0,1,1.0,1,1.0,1.0,1.0,1.0,1.0,1.0
golem.txt,1.0,1.0,1.0,1.0,1,1.0,1,1.0,1.0,1.0,1.0,1.0,1.0
cobalion.txt,1.0,1.0,1.0,1.0,1,1.0,1,1.0,1.0,1.0,1.0,1.0,1.0
aerodactyl-mega.txt,1.0,1.0,1.0,1.0,1,1.0,1,1.0,1.0,1.0,1.0,1.0,1.0
croconaw.txt,1.0,1.0,1.0,1.0,1,1.0,1,1.0,1.0,1.0,1.0,1.0,1.0
dewott.txt,1.0,1.0,1.0,1.0,1,1.0,1,1.0,1.0,1.0,1.0,1.0,1.0
deerling-winter.txt,1.0,1.0,1.0,1.0,1,1.0,1,1.0,1.0,1.0,1.0,1.0,1.0
deino.txt,1.0,1.0,1.0,1.0,1,1.0,1,1.0,1.0,1.0,1.0,1.0,1.0
pansage.txt,1.0,1.0,1.0,1.0,1,1.0,1,1.0,1.0,1.0,1.0,1.0,1.0
spewpa.txt,1.0,1.0,1.0,1.0,1,1.0,1,1.0,1.0,1.0,1.0,1.0,1.0
floette.txt,1.0,1.0,1.0,1.0,1,1.0,1,1.0,1.0,1.0,1.0,1.0,1.0
combee.txt,1.0,1.0,1.0,1.0,1,1.0,1,1.0,1.0,1.0,1.0,1.0,1.0
cofagrigus.txt,1.0,1.0,1.0,1.0,1,1.0,1,1.0,1.0,1.0,1.0,1.0,1.0
florges-yellow.txt,1.0,1.0,1.0,1.0,1,1.0,1,1.0,1.0,1.0,1.0,1.0,1.0
marshtomp.txt,1.0,1.0,1.0,1.0,1,1.0,1,1.0,1.0,1.0,1.0,1.0,1.0
uxie.txt,1.0,1.0,1.0,1.0,1,1.0,1,1.0,1.0,1.0,1.0,1.0,1.0
pumpkaboo.txt,1.0,1.0,1.0,1.0,1,1.0,1,1.0,1.0,1.0,1.0,1.0,1.0
suicune.txt,1.0,1.0,1.0,1.0,1,1.0,1,1.0,1.0,1.0,1.0,1.0,1.0
sudowoodo.txt,1.0,1.0,1.0,1.0,1,1.0,1,1.0,1.0,1.0,1.0,1.0,1.0
bergmite.txt,1.0,1.0,1.0,1.0,1,1.0,1,1.0,1.0,1.0,1.0,1.0,1.0
lanturn.txt,1.0,1.0,1.0,1.0,1,1.0,1,1.0,1.0,1.0,1.0,1.0,1.0
arceus-water.txt,1.0,1.0,1.0,1.0,1,1.0,1,1.0,1.0,1.0,1.0,1.0,1.0
kingler.txt,1.0,1.0,1.0,1.0,1,1.0,1,1.0,1.0,1.0,1.0,1.0,1.0
shroomish.txt,1.0,1.0,1.0,1.0,1,1.0,1,1.0,1.0,1.0,1.0,1.0,1.0
pumpkaboo-large.txt,1.0,1.0,1.0,1.0,1,1.0,1,1.0,1.0,1.0,1.0,1.0,1.0
gligar.txt,1.0,1.0,1.0,1.0,1,1.0,1,1.0,1.0,1.0,1.0,1.0,1.0
genesect-shock.txt,1.0,1.0,1.0,1.0,1,1.0,1,1.0,1.0,1.0,1.0,1.0,1.0
bonsly.txt,1.0,1.0,1.0,1.0,1,1.0,1,1.0,1.0,1.0,1.0,1.0,1.0
roselia.txt,1.0,1.0,1.0,1.0,1,1.0,1,1.0,1.0,1.0,1.0,1.0,1.0
type-null.txt,1.0,1.0,1.0,1.0,1,1.0,1,1.0,1.0,1.0,1.0,1.0,1.0
manectric-mega.txt,1.0,1.0,1.0,1.0,1,1.0,1,1.0,1.0,1.0,1.0,1.0,1.0
combusken.txt,1.0,1.0,1.0,1.0,1,1.0,1,1.0,1.0,1.0,1.0,1.0,1.0
slowpoke.txt,1.0,1.0,1.0,1.0,1,1.0,1,1.0,1.0,1.0,1.0,1.0,1.0
floatzel.txt,1.0,1.0,1.0,1.0,1,1.0,1,1.0,1.0,1.0,1.0,1.0,1.0
ekans.txt,1.0,1.0,1.0,1.0,1,1.0,1,1.0,1.0,1.0,1.0,1.0,1.0
mew.txt,1.0,1.0,1.0,1.0,1,1.0,1,1.0,1.0,1.0,1.0,1.0,1.0
swampert-mega.txt,1.0,1.0,1.0,1.0,1,1.0,1,1.0,1.0,1.0,1.0,1.0,1.0
latios.txt,1.0,1.0,1.0,1.0,1,1.0,1,1.0,1.0,1.0,1.0,1.0,1.0
rattata-alola.txt,1.0,1.0,1.0,1.0,1,1.0,1,1.0,1.0,1.0,1.0,1.0,1.0
hakamo-o.txt,1.0,1.0,1.0,1.0,1,1.0,1,1.0,1.0,1.0,1.0,1.0,1.0
grimer-alola.txt,1.0,1.0,1.0,1.0,1,1.0,1,1.0,1.0,1.0,1.0,1.0,1.0
victini.txt,1.0,1.0,1.0,1.0,1,1.0,1,1.0,1.0,1.0,1.0,1.0,1.0
cherrim-sunshine.txt,1.0,1.0,1.0,1.0,1,1.0,1,1.0,1.0,1.0,1.0,1.0,1.0
arceus-psychic.txt,1.0,1.0,1.0,1.0,1,1.0,1,1.0,1.0,1.0,1.0,1.0,1.0
cloyster.txt,1.0,1.0,1.0,1.0,1,1.0,1,1.0,1.0,1.0,1.0,1.0,1.0
arceus-ground.txt,1.0,1.0,1.0,1.0,1,1.0,1,1.0,1.0,1.0,1.0,1.0,1.0
relicanth.txt,1.0,1.0,1.0,1.0,1,1.0,1,1.0,1.0,1.0,1.0,1.0,1.0
wynaut.txt,1.0,1.0,1.0,1.0,1,1.0,1,1.0,1.0,1.0,1.0,1.0,1.0
zorua.txt,1.0,1.0,1.0,1.0,1,1.0,1,1.0,1.0,1.0,1.0,1.0,1.0
timburr.txt,1.0,1.0,1.0,1.0,1,1.0,1,1.0,1.0,1.0,1.0,1.0,1.0
blastoise-mega.txt,1.0,1.0,1.0,1.0,1,1.0,1,1.0,1.0,1.0,1.0,1.0,1.0
cradily.txt,1.0,1.0,1.0,1.0,1,1.0,1,1.0,1.0,1.0,1.0,1.0,1.0
drifblim.txt,1.0,1.0,1.0,1.0,1,1.0,1,1.0,1.0,1.0,1.0,1.0,1.0
altaria.txt,1.0,1.0,1.0,1.0,1,1.0,1,1.0,1.0,1.0,1.0,1.0,1.0
mudkip.txt,1.0,1.0,1.0,1.0,1,1.0,1,1.0,1.0,1.0,1.0,1.0,1.0
lunala.txt,1.0,1.0,1.0,1.0,1,1.0,1,1.0,1.0,1.0,1.0,1.0,1.0
floette-white.txt,1.0,1.0,1.0,1.0,1,1.0,1,1.0,1.0,1.0,1.0,1.0,1.0
mudsdale.txt,1.0,1.0,1.0,1.0,1,1.0,1,1.0,1.0,1.0,1.0,1.0,1.0
florges-blue.txt,1.0,1.0,1.0,1.0,1,1.0,1,1.0,1.0,1.0,1.0,1.0,1.0
shellder.txt,1.0,1.0,1.0,1.0,1,1.0,1,1.0,1.0,1.0,1.0,1.0,1.0
pikachu-hoenn-cap.txt,1.0,1.0,1.0,1.0,1,1.0,1,1.0,1.0,1.0,1.0,1.0,1.0
trubbish.txt,1.0,1.0,1.0,1.0,1,1.0,1,1.0,1.0,1.0,1.0,1.0,1.0
beautifly.txt,1.0,1.0,1.0,1.0,1,1.0,1,1.0,1.0,1.0,1.0,1.0,1.0
bounsweet.txt,1.0,1.0,1.0,1.0,1,1.0,1,1.0,1.0,1.0,1.0,1.0,1.0
jumpluff.txt,1.0,1.0,1.0,1.0,1,1.0,1,1.0,1.0,1.0,1.0,1.0,1.0
bagon.txt,1.0,1.0,1.0,1.0,1,1.0,1,1.0,1.0,1.0,1.0,1.0,1.0
celesteela.txt,1.0,1.0,1.0,1.0,1,1.0,1,1.0,1.0,1.0,1.0,1.0,1.0
aerodactyl.txt,1.0,1.0,1.0,1.0,1,1.0,1,1.0,1.0,1.0,1.0,1.0,1.0
spinda-filled.txt,1.0,1.0,1.0,1.0,1,1.0,1,1.0,1.0,1.0,1.0,1.0,1.0
bronzor.txt,1.0,1.0,1.0,1.0,1,1.0,1,1.0,1.0,1.0,1.0,1.0,1.0
sylveon.txt,1.0,1.0,1.0,1.0,1,1.0,1,1.0,1.0,1.0,1.0,1.0,1.0
sharpedo.txt,1.0,1.0,1.0,1.0,1,1.0,1,1.0,1.0,1.0,1.0,1.0,1.0
flabebe.txt,1.0,1.0,1.0,1.0,1,1.0,1,1.0,1.0,1.0,1.0,1.0,1.0
kyogre.txt,1.0,1.0,1.0,1.0,1,1.0,1,1.0,1.0,1.0,1.0,1.0,1.0
metagross.txt,1.0,1.0,1.0,1.0,1,1.0,1,1.0,1.0,1.0,1.0,1.0,1.0
maractus.txt,1.0,1.0,1.0,1.0,1,1.0,1,1.0,1.0,1.0,1.0,1.0,1.0
spinda-blank.txt,1.0,1.0,1.0,1.0,1,1.0,1,1.0,1.0,1.0,1.0,1.0,1.0
feebas.txt,1.0,1.0,1.0,1.0,1,1.0,1,1.0,1.0,1.0,1.0,1.0,1.0
quilladin.txt,1.0,1.0,1.0,1.0,1,1.0,1,1.0,1.0,1.0,1.0,1.0,1.0
staryu.txt,1.0,1.0,1.0,1.0,1,1.0,1,1.0,1.0,1.0,1.0,1.0,1.0
chimchar.txt,1.0,1.0,1.0,1.0,1,1.0,1,1.0,1.0,1.0,1.0,1.0,1.0
empoleon.txt,1.0,1.0,1.0,1.0,1,1.0,1,1.0,1.0,1.0,1.0,1.0,1.0
unown-w.txt,1.0,1.0,1.0,1.0,1,1.0,1,1.0,1.0,1.0,1.0,1.0,1.0
muk.txt,1.0,1.0,1.0,1.0,1,1.0,1,1.0,1.0,1.0,1.0,1.0,1.0
pancham.txt,1.0,1.0,1.0,1.0,1,1.0,1,1.0,1.0,1.0,1.0,1.0,1.0
armaldo.txt,1.0,1.0,1.0,1.0,1,1.0,1,1.0,1.0,1.0,1.0,1.0,1.0
dwebble.txt,1.0,1.0,1.0,1.0,1,1.0,1,1.0,1.0,1.0,1.0,1.0,1.0
bruxish.txt,1.0,1.0,1.0,1.0,1,1.0,1,1.0,1.0,1.0,1.0,1.0,1.0
joltik.txt,1.0,1.0,1.0,1.0,1,1.0,1,1.0,1.0,1.0,1.0,1.0,1.0
pansear.txt,1.0,1.0,1.0,1.0,1,1.0,1,1.0,1.0,1.0,1.0,1.0,1.0
rhyperior.txt,1.0,1.0,1.0,1.0,1,1.0,1,1.0,1.0,1.0,1.0,1.0,1.0
phione.txt,1.0,1.0,1.0,1.0,1,1.0,1,1.0,1.0,1.0,1.0,1.0,1.0
happiny.txt,1.0,1.0,1.0,1.0,1,1.0,1,1.0,1.0,1.0,1.0,1.0,1.0
spearow.txt,1.0,1.0,1.0,1.0,1,1.0,1,1.0,1.0,1.0,1.0,1.0,1.0
pikachu-world-cap.txt,1.0,1.0,1.0,1.0,1,1.0,1,1.0,1.0,1.0,1.0,1.0,1.0
diancie.txt,1.0,1.0,1.0,1.0,1,1.0,1,1.0,1.0,1.0,1.0,1.0,1.0
prinplup.txt,1.0,1.0,1.0,1.0,1,1.0,1,1.0,1.0,1.0,1.0,1.0,1.0
fearow.txt,1.0,1.0,1.0,1.0,1,1.0,1,1.0,1.0,1.0,1.0,1.0,1.0
helioptile.txt,1.0,1.0,1.0,1.0,1,1.0,1,1.0,1.0,1.0,1.0,1.0,1.0
pikachu-pop-star.txt,1.0,1.0,1.0,1.0,1,1.0,1,1.0,1.0,1.0,1.0,1.0,1.0
poipole.txt,1.0,1.0,1.0,1.0,1,1.0,1,1.0,1.0,1.0,1.0,1.0,1.0
mantyke.txt,1.0,1.0,1.0,1.0,1,1.0,1,1.0,1.0,1.0,1.0,1.0,1.0
vivillon-fancy.txt,1.0,1.0,1.0,1.0,1,1.0,1,1.0,1.0,1.0,1.0,1.0,1.0
exploud.txt,1.0,1.0,1.0,1.0,1,1.0,1,1.0,1.0,1.0,1.0,1.0,1.0
malamar.txt,1.0,1.0,1.0,1.0,1,1.0,1,1.0,1.0,1.0,1.0,1.0,1.0
simisage.txt,1.0,1.0,1.0,1.0,1,1.0,1,1.0,1.0,1.0,1.0,1.0,1.0
espeon.txt,1.0,1.0,1.0,1.0,1,1.0,1,1.0,1.0,1.0,1.0,1.0,1.0
paras.txt,1.0,1.0,1.0,1.0,1,1.0,1,1.0,1.0,1.0,1.0,1.0,1.0
hitmonlee.txt,1.0,1.0,1.0,1.0,1,1.0,1,1.0,1.0,1.0,1.0,1.0,1.0
noctowl.txt,1.0,1.0,1.0,1.0,1,1.0,1,1.0,1.0,1.0,1.0,1.0,1.0
unown-v.txt,1.0,1.0,1.0,1.0,1,1.0,1,1.0,1.0,1.0,1.0,1.0,1.0
slaking.txt,1.0,1.0,1.0,1.0,1,1.0,1,1.0,1.0,1.0,1.0,1.0,1.0
solrock.txt,1.0,1.0,1.0,1.0,1,1.0,1,1.0,1.0,1.0,1.0,1.0,1.0
pelipper.txt,1.0,1.0,1.0,1.0,1,1.0,1,1.0,1.0,1.0,1.0,1.0,1.0
komala.txt,1.0,1.0,1.0,1.0,1,1.0,1,1.0,1.0,1.0,1.0,1.0,1.0
eelektross.txt,1.0,1.0,1.0,1.0,1,1.0,1,1.0,1.0,1.0,1.0,1.0,1.0
palpitoad.txt,1.0,1.0,1.0,1.0,1,1.0,1,1.0,1.0,1.0,1.0,1.0,1.0
poliwhirl.txt,1.0,1.0,1.0,1.0,1,1.0,1,1.0,1.0,1.0,1.0,1.0,1.0
seadra.txt,1.0,1.0,1.0,1.0,1,1.0,1,1.0,1.0,1.0,1.0,1.0,1.0
spheal.txt,1.0,1.0,1.0,1.0,1,1.0,1,1.0,1.0,1.0,1.0,1.0,1.0
patrat.txt,1.0,1.0,1.0,1.0,1,1.0,1,1.0,1.0,1.0,1.0,1.0,1.0
ralts.txt,1.0,1.0,1.0,1.0,1,1.0,1,1.0,1.0,1.0,1.0,1.0,1.0
lotad.txt,1.0,1.0,1.0,1.0,1,1.0,1,1.0,1.0,1.0,1.0,1.0,1.0
slurpuff.txt,1.0,1.0,1.0,1.0,1,1.0,1,1.0,1.0,1.0,1.0,1.0,1.0
registeel.txt,1.0,1.0,1.0,1.0,1,1.0,1,1.0,1.0,1.0,1.0,1.0,1.0
arcanine.txt,1.0,1.0,1.0,1.0,1,1.0,1,1.0,1.0,1.0,1.0,1.0,1.0
fomantis.txt,1.0,1.0,1.0,1.0,1,1.0,1,1.0,1.0,1.0,1.0,1.0,1.0
tangrowth.txt,1.0,1.0,1.0,1.0,1,1.0,1,1.0,1.0,1.0,1.0,1.0,1.0
furfrou-pharaoh.txt,1.0,1.0,1.0,1.0,1,1.0,1,1.0,1.0,1.0,1.0,1.0,1.0
crustle.txt,1.0,1.0,1.0,1.0,1,1.0,1,1.0,1.0,1.0,1.0,1.0,1.0
kecleon.txt,1.0,1.0,1.0,1.0,1,1.0,1,1.0,1.0,1.0,1.0,1.0,1.0
shuppet.txt,1.0,1.0,1.0,1.0,1,1.0,1,1.0,1.0,1.0,1.0,1.0,1.0
ducklett.txt,1.0,1.0,1.0,1.0,1,1.0,1,1.0,1.0,1.0,1.0,1.0,1.0
plusle.txt,1.0,1.0,1.0,1.0,1,1.0,1,1.0,1.0,1.0,1.0,1.0,1.0
latios-mega.txt,1.0,1.0,1.0,1.0,1,1.0,1,1.0,1.0,1.0,1.0,1.0,1.0
poliwag.txt,1.0,1.0,1.0,1.0,1,1.0,1,1.0,1.0,1.0,1.0,1.0,1.0
torchic.txt,1.0,1.0,1.0,1.0,1,1.0,1,1.0,1.0,1.0,1.0,1.0,1.0
hoopa-unbound.txt,1.0,1.0,1.0,1.0,1,1.0,1,1.0,1.0,1.0,1.0,1.0,1.0
treecko.txt,1.0,1.0,1.0,1.0,1,1.0,1,1.0,1.0,1.0,1.0,1.0,1.0
dunsparce.txt,1.0,1.0,1.0,1.0,1,1.0,1,1.0,1.0,1.0,1.0,1.0,1.0
kabutops.txt,1.0,1.0,1.0,1.0,1,1.0,1,1.0,1.0,1.0,1.0,1.0,1.0
silvally-electric.txt,1.0,1.0,1.0,1.0,1,1.0,1,1.0,1.0,1.0,1.0,1.0,1.0
meowth-alola.txt,1.0,1.0,1.0,1.0,1,1.0,1,1.0,1.0,1.0,1.0,1.0,1.0
dugtrio.txt,1.0,1.0,1.0,1.0,1,1.0,1,1.0,1.0,1.0,1.0,1.0,1.0
vivillon-continental.txt,1.0,1.0,1.0,1.0,1,1.0,1,1.0,1.0,1.0,1.0,1.0,1.0
flygon.txt,1.0,1.0,1.0,1.0,1,1.0,1,1.0,1.0,1.0,1.0,1.0,1.0
diancie-mega.txt,1.0,1.0,1.0,1.0,1,1.0,1,1.0,1.0,1.0,1.0,1.0,1.0
marill.txt,1.0,1.0,1.0,1.0,1,1.0,1,1.0,1.0,1.0,1.0,1.0,1.0
magearna.txt,1.0,1.0,1.0,1.0,1,1.0,1,1.0,1.0,1.0,1.0,1.0,1.0
cacnea.txt,1.0,1.0,1.0,1.0,1,1.0,1,1.0,1.0,1.0,1.0,1.0,1.0
slugma.txt,1.0,1.0,1.0,1.0,1,1.0,1,1.0,1.0,1.0,1.0,1.0,1.0
unown-c.txt,1.0,1.0,1.0,1.0,1,1.0,1,1.0,1.0,1.0,1.0,1.0,1.0
silvally.txt,1.0,1.0,1.0,1.0,1,1.0,1,1.0,1.0,1.0,1.0,1.0,1.0
jirachi.txt,1.0,1.0,1.0,1.0,1,1.0,1,1.0,1.0,1.0,1.0,1.0,1.0
unown-t.txt,1.0,1.0,1.0,1.0,1,1.0,1,1.0,1.0,1.0,1.0,1.0,1.0
oddish.txt,1.0,1.0,1.0,1.0,1,1.0,1,1.0,1.0,1.0,1.0,1.0,1.0
ribombee.txt,1.0,1.0,1.0,1.0,1,1.0,1,1.0,1.0,1.0,1.0,1.0,1.0
silvally-rock.txt,1.0,1.0,1.0,1.0,1,1.0,1,1.0,1.0,1.0,1.0,1.0,1.0
pidgeot.txt,1.0,1.0,1.0,1.0,1,1.0,1,1.0,1.0,1.0,1.0,1.0,1.0
litwick.txt,1.0,1.0,1.0,1.0,1,1.0,1,1.0,1.0,1.0,1.0,1.0,1.0
drilbur.txt,1.0,1.0,1.0,1.0,1,1.0,1,1.0,1.0,1.0,1.0,1.0,1.0
sandslash.txt,1.0,1.0,1.0,1.0,1,1.0,1,1.0,1.0,1.0,1.0,1.0,1.0
cranidos.txt,1.0,1.0,1.0,1.0,1,1.0,1,1.0,1.0,1.0,1.0,1.0,1.0
pikachu-cosplay.txt,1.0,1.0,1.0,1.0,1,1.0,1,1.0,1.0,1.0,1.0,1.0,1.0
silvally-ghost.txt,1.0,1.0,1.0,1.0,1,1.0,1,1.0,1.0,1.0,1.0,1.0,1.0
klink.txt,1.0,1.0,1.0,1.0,1,1.0,1,1.0,1.0,1.0,1.0,1.0,1.0
farfetchd.txt,1.0,1.0,1.0,1.0,1,1.0,1,1.0,1.0,1.0,1.0,1.0,1.0
gorebyss.txt,1.0,1.0,1.0,1.0,1,1.0,1,1.0,1.0,1.0,1.0,1.0,1.0
sandslash-alola.txt,1.0,1.0,1.0,1.0,1,1.0,1,1.0,1.0,1.0,1.0,1.0,1.0
pikachu-phd.txt,1.0,1.0,1.0,1.0,1,1.0,1,1.0,1.0,1.0,1.0,1.0,1.0
herdier.txt,1.0,1.0,1.0,1.0,1,1.0,1,1.0,1.0,1.0,1.0,1.0,1.0
pidgeot-mega.txt,1.0,1.0,1.0,1.0,1,1.0,1,1.0,1.0,1.0,1.0,1.0,1.0
glalie-mega.txt,1.0,1.0,1.0,1.0,1,1.0,1,1.0,1.0,1.0,1.0,1.0,1.0
noivern.txt,1.0,1.0,1.0,1.0,1,1.0,1,1.0,1.0,1.0,1.0,1.0,1.0
whiscash.txt,1.0,1.0,1.0,1.0,1,1.0,1,1.0,1.0,1.0,1.0,1.0,1.0
minior-violet-gen7.txt,1.0,1.0,1.0,1.0,1,1.0,1,1.0,1.0,1.0,1.0,1.0,1.0
tynamo.txt,1.0,1.0,1.0,1.0,1,1.0,1,1.0,1.0,1.0,1.0,1.0,1.0
diglett.txt,1.0,1.0,1.0,1.0,1,1.0,1,1.0,1.0,1.0,1.0,1.0,1.0
unown-u.txt,1.0,1.0,1.0,1.0,1,1.0,1,1.0,1.0,1.0,1.0,1.0,1.0
nidoran-m.txt,1.0,1.0,1.0,1.0,1,1.0,1,1.0,1.0,1.0,1.0,1.0,1.0
krokorok.txt,1.0,1.0,1.0,1.0,1,1.0,1,1.0,1.0,1.0,1.0,1.0,1.0
scizor.txt,1.0,1.0,1.0,1.0,1,1.0,1,1.0,1.0,1.0,1.0,1.0,1.0
unown-b.txt,1.0,1.0,1.0,1.0,1,1.0,1,1.0,1.0,1.0,1.0,1.0,1.0
remoraid.txt,1.0,1.0,1.0,1.0,1,1.0,1,1.0,1.0,1.0,1.0,1.0,1.0
lopunny-mega.txt,1.0,1.0,1.0,1.0,1,1.0,1,1.0,1.0,1.0,1.0,1.0,1.0
shaymin.txt,1.0,1.0,1.0,1.0,1,1.0,1,1.0,1.0,1.0,1.0,1.0,1.0
deerling-summer.txt,1.0,1.0,1.0,1.0,1,1.0,1,1.0,1.0,1.0,1.0,1.0,1.0
skarmory.txt,1.0,1.0,1.0,1.0,1,1.0,1,1.0,1.0,1.0,1.0,1.0,1.0
deoxys-speed.txt,1.0,1.0,1.0,1.0,1,1.0,1,1.0,1.0,1.0,1.0,1.0,1.0
nihilego.txt,1.0,1.0,1.0,1.0,1,1.0,1,1.0,1.0,1.0,1.0,1.0,1.0
hitmontop.txt,1.0,1.0,1.0,1.0,1,1.0,1,1.0,1.0,1.0,1.0,1.0,1.0
arceus-electric.txt,1.0,1.0,1.0,1.0,1,1.0,1,1.0,1.0,1.0,1.0,1.0,1.0
slowbro.txt,1.0,1.0,1.0,1.0,1,1.0,1,1.0,1.0,1.0,1.0,1.0,1.0
cosmoem.txt,1.0,1.0,1.0,1.0,1,1.0,1,1.0,1.0,1.0,1.0,1.0,1.0
vaporeon.txt,1.0,1.0,1.0,1.0,1,1.0,1,1.0,1.0,1.0,1.0,1.0,1.0
porygon-z.txt,1.0,1.0,1.0,1.0,1,1.0,1,1.0,1.0,1.0,1.0,1.0,1.0
numel.txt,1.0,1.0,1.0,1.0,1,1.0,1,1.0,1.0,1.0,1.0,1.0,1.0
glalie.txt,1.0,1.0,1.0,1.0,1,1.0,1,1.0,1.0,1.0,1.0,1.0,1.0
machoke.txt,1.0,1.0,1.0,1.0,1,1.0,1,1.0,1.0,1.0,1.0,1.0,1.0
lunatone.txt,1.0,1.0,1.0,1.0,1,1.0,1,1.0,1.0,1.0,1.0,1.0,1.0
arceus.txt,1.0,1.0,1.0,1.0,1,1.0,1,1.0,1.0,1.0,1.0,1.0,1.0
bastiodon.txt,1.0,1.0,1.0,1.0,1,1.0,1,1.0,1.0,1.0,1.0,1.0,1.0
mandibuzz.txt,1.0,1.0,1.0,1.0,1,1.0,1,1.0,1.0,1.0,1.0,1.0,1.0
mareanie.txt,1.0,1.0,1.0,1.0,1,1.0,1,1.0,1.0,1.0,1.0,1.0,1.0
greninja.txt,1.0,1.0,1.0,1.0,1,1.0,1,1.0,1.0,1.0,1.0,1.0,1.0
gallade-mega.txt,1.0,1.0,1.0,1.0,1,1.0,1,1.0,1.0,1.0,1.0,1.0,1.0
bronzong.txt,1.0,1.0,1.0,1.0,1,1.0,1,1.0,1.0,1.0,1.0,1.0,1.0
abomasnow.txt,1.0,1.0,1.0,1.0,1,1.0,1,1.0,1.0,1.0,1.0,1.0,1.0
throh.txt,1.0,1.0,1.0,1.0,1,1.0,1,1.0,1.0,1.0,1.0,1.0,1.0
kyurem-white.txt,1.0,1.0,1.0,1.0,1,1.0,1,1.0,1.0,1.0,1.0,1.0,1.0
hoppip.txt,1.0,1.0,1.0,1.0,1,1.0,1,1.0,1.0,1.0,1.0,1.0,1.0
raichu.txt,1.0,1.0,1.0,1.0,1,1.0,1,1.0,1.0,1.0,1.0,1.0,1.0
hitmonchan.txt,1.0,1.0,1.0,1.0,1,1.0,1,1.0,1.0,1.0,1.0,1.0,1.0
slakoth.txt,1.0,1.0,1.0,1.0,1,1.0,1,1.0,1.0,1.0,1.0,1.0,1.0
togepi.txt,1.0,1.0,1.0,1.0,1,1.0,1,1.0,1.0,1.0,1.0,1.0,1.0
flabebe-blue.txt,1.0,1.0,1.0,1.0,1,1.0,1,1.0,1.0,1.0,1.0,1.0,1.0
ponyta.txt,1.0,1.0,1.0,1.0,1,1.0,1,1.0,1.0,1.0,1.0,1.0,1.0
snover.txt,1.0,1.0,1.0,1.0,1,1.0,1,1.0,1.0,1.0,1.0,1.0,1.0
fraxure.txt,1.0,1.0,1.0,1.0,1,1.0,1,1.0,1.0,1.0,1.0,1.0,1.0
solosis.txt,1.0,1.0,1.0,1.0,1,1.0,1,1.0,1.0,1.0,1.0,1.0,1.0
caterpie.txt,1.0,1.0,1.0,1.0,1,1.0,1,1.0,1.0,1.0,1.0,1.0,1.0
zygarde-10.txt,1.0,1.0,1.0,1.0,1,1.0,1,1.0,1.0,1.0,1.0,1.0,1.0
minior-green-gen7.txt,1.0,1.0,1.0,1.0,1,1.0,1,1.0,1.0,1.0,1.0,1.0,1.0
magearna-original.txt,1.0,1.0,1.0,1.0,1,1.0,1,1.0,1.0,1.0,1.0,1.0,1.0
psyduck.txt,1.0,1.0,1.0,1.0,1,1.0,1,1.0,1.0,1.0,1.0,1.0,1.0
sawsbuck-winter.txt,1.0,1.0,1.0,1.0,1,1.0,1,1.0,1.0,1.0,1.0,1.0,1.0
unown-q.txt,1.0,1.0,1.0,1.0,1,1.0,1,1.0,1.0,1.0,1.0,1.0,1.0
tapu-lele.txt,1.0,1.0,1.0,1.0,1,1.0,1,1.0,1.0,1.0,1.0,1.0,1.0
teddiursa.txt,1.0,1.0,1.0,1.0,1,1.0,1,1.0,1.0,1.0,1.0,1.0,1.0
unown-f.txt,1.0,1.0,1.0,1.0,1,1.0,1,1.0,1.0,1.0,1.0,1.0,1.0
darumaka.txt,1.0,1.0,1.0,1.0,1,1.0,1,1.0,1.0,1.0,1.0,1.0,1.0
piplup.txt,1.0,1.0,1.0,1.0,1,1.0,1,1.0,1.0,1.0,1.0,1.0,1.0
unfezant.txt,1.0,1.0,1.0,1.0,1,1.0,1,1.0,1.0,1.0,1.0,1.0,1.0
sewaddle.txt,1.0,1.0,1.0,1.0,1,1.0,1,1.0,1.0,1.0,1.0,1.0,1.0
weavile.txt,1.0,1.0,1.0,1.0,1,1.0,1,1.0,1.0,1.0,1.0,1.0,1.0
mawile.txt,1.0,1.0,1.0,1.0,1,1.0,1,1.0,1.0,1.0,1.0,1.0,1.0
zygarde-complete.txt,1.0,1.0,1.0,1.0,1,1.0,1,1.0,1.0,1.0,1.0,1.0,1.0
buzzwole.txt,1.0,1.0,1.0,1.0,1,1.0,1,1.0,1.0,1.0,1.0,1.0,1.0
simipour.txt,1.0,1.0,1.0,1.0,1,1.0,1,1.0,1.0,1.0,1.0,1.0,1.0
seismitoad.txt,1.0,1.0,1.0,1.0,1,1.0,1,1.0,1.0,1.0,1.0,1.0,1.0
manaphy.txt,1.0,1.0,1.0,1.0,1,1.0,1,1.0,1.0,1.0,1.0,1.0,1.0
bunnelby.txt,1.0,1.0,1.0,1.0,1,1.0,1,1.0,1.0,1.0,1.0,1.0,1.0
rockruff.txt,1.0,1.0,1.0,1.0,1,1.0,1,1.0,1.0,1.0,1.0,1.0,1.0
mantine.txt,1.0,1.0,1.0,1.0,1,1.0,1,1.0,1.0,1.0,1.0,1.0,1.0
vanilluxe.txt,1.0,1.0,1.0,1.0,1,1.0,1,1.0,1.0,1.0,1.0,1.0,1.0
cubchoo.txt,1.0,1.0,1.0,1.0,1,1.0,1,1.0,1.0,1.0,1.0,1.0,1.0
basculin.txt,1.0,1.0,1.0,1.0,1,1.0,1,1.0,1.0,1.0,1.0,1.0,1.0
altaria-mega.txt,1.0,1.0,1.0,1.0,1,1.0,1,1.0,1.0,1.0,1.0,1.0,1.0
blacephalon.txt,1.0,1.0,1.0,1.0,1,1.0,1,1.0,1.0,1.0,1.0,1.0,1.0
chansey.txt,1.0,1.0,1.0,1.0,1,1.0,1,1.0,1.0,1.0,1.0,1.0,1.0
camerupt.txt,1.0,1.0,1.0,1.0,1,1.0,1,1.0,1.0,1.0,1.0,1.0,1.0
duskull.txt,1.0,1.0,1.0,1.0,1,1.0,1,1.0,1.0,1.0,1.0,1.0,1.0
pichu.txt,1.0,1.0,1.0,1.0,1,1.0,1,1.0,1.0,1.0,1.0,1.0,1.0
necrozma-dusk.txt,1.0,1.0,1.0,1.0,1,1.0,1,1.0,1.0,1.0,1.0,1.0,1.0
kangaskhan.txt,1.0,1.0,1.0,1.0,1,1.0,1,1.0,1.0,1.0,1.0,1.0,1.0
silvally-dragon.txt,1.0,1.0,1.0,1.0,1,1.0,1,1.0,1.0,1.0,1.0,1.0,1.0
chingling.txt,1.0,1.0,1.0,1.0,1,1.0,1,1.0,1.0,1.0,1.0,1.0,1.0
whirlipede.txt,1.0,1.0,1.0,1.0,1,1.0,1,1.0,1.0,1.0,1.0,1.0,1.0
unown-g.txt,1.0,1.0,1.0,1.0,1,1.0,1,1.0,1.0,1.0,1.0,1.0,1.0
unown-p.txt,1.0,1.0,1.0,1.0,1,1.0,1,1.0,1.0,1.0,1.0,1.0,1.0
floette-yellow.txt,1.0,1.0,1.0,1.0,1,1.0,1,1.0,1.0,1.0,1.0,1.0,1.0
ferroseed.txt,1.0,1.0,1.0,1.0,1,1.0,1,1.0,1.0,1.0,1.0,1.0,1.0
barbaracle.txt,1.0,1.0,1.0,1.0,1,1.0,1,1.0,1.0,1.0,1.0,1.0,1.0
salamence.txt,1.0,1.0,1.0,1.0,1,1.0,1,1.0,1.0,1.0,1.0,1.0,1.0
toucannon.txt,1.0,1.0,1.0,1.0,1,1.0,1,1.0,1.0,1.0,1.0,1.0,1.0
zekrom.txt,1.0,1.0,1.0,1.0,1,1.0,1,1.0,1.0,1.0,1.0,1.0,1.0
golduck.txt,1.0,1.0,1.0,1.0,1,1.0,1,1.0,1.0,1.0,1.0,1.0,1.0
haunter.txt,1.0,1.0,1.0,1.0,1,1.0,1,1.0,1.0,1.0,1.0,1.0,1.0
glaceon.txt,1.0,1.0,1.0,1.0,1,1.0,1,1.0,1.0,1.0,1.0,1.0,1.0
milotic.txt,1.0,1.0,1.0,1.0,1,1.0,1,1.0,1.0,1.0,1.0,1.0,1.0
mienshao.txt,1.0,1.0,1.0,1.0,1,1.0,1,1.0,1.0,1.0,1.0,1.0,1.0
politoed.txt,1.0,1.0,1.0,1.0,1,1.0,1,1.0,1.0,1.0,1.0,1.0,1.0
absol.txt,1.0,1.0,1.0,1.0,1,1.0,1,1.0,1.0,1.0,1.0,1.0,1.0
tepig.txt,1.0,1.0,1.0,1.0,1,1.0,1,1.0,1.0,1.0,1.0,1.0,1.0
silvally-psychic.txt,1.0,1.0,1.0,1.0,1,1.0,1,1.0,1.0,1.0,1.0,1.0,1.0
aron.txt,1.0,1.0,1.0,1.0,1,1.0,1,1.0,1.0,1.0,1.0,1.0,1.0
zapdos.txt,1.0,1.0,1.0,1.0,1,1.0,1,1.0,1.0,1.0,1.0,1.0,1.0
riolu.txt,1.0,1.0,1.0,1.0,1,1.0,1,1.0,1.0,1.0,1.0,1.0,1.0
clauncher.txt,1.0,1.0,1.0,1.0,1,1.0,1,1.0,1.0,1.0,1.0,1.0,1.0
klang.txt,1.0,1.0,1.0,1.0,1,1.0,1,1.0,1.0,1.0,1.0,1.0,1.0
victreebel.txt,1.0,1.0,1.0,1.0,1,1.0,1,1.0,1.0,1.0,1.0,1.0,1.0
arceus-steel.txt,1.0,1.0,1.0,1.0,1,1.0,1,1.0,1.0,1.0,1.0,1.0,1.0
vikavolt.txt,1.0,1.0,1.0,1.0,1,1.0,1,1.0,1.0,1.0,1.0,1.0,1.0
decidueye.txt,1.0,1.0,1.0,1.0,1,1.0,1,1.0,1.0,1.0,1.0,1.0,1.0
pikachu-original-cap.txt,1.0,1.0,1.0,1.0,1,1.0,1,1.0,1.0,1.0,1.0,1.0,1.0
spinarak.txt,1.0,1.0,1.0,1.0,1,1.0,1,1.0,1.0,1.0,1.0,1.0,1.0
venusaur-mega.txt,1.0,1.0,1.0,1.0,1,1.0,1,1.0,1.0,1.0,1.0,1.0,1.0
necrozma-dawn.txt,1.0,1.0,1.0,1.0,1,1.0,1,1.0,1.0,1.0,1.0,1.0,1.0
metagross-mega.txt,1.0,1.0,1.0,1.0,1,1.0,1,1.0,1.0,1.0,1.0,1.0,1.0
vulpix-alola.txt,1.0,1.0,1.0,1.0,1,1.0,1,1.0,1.0,1.0,1.0,1.0,1.0
aurorus.txt,1.0,1.0,1.0,1.0,1,1.0,1,1.0,1.0,1.0,1.0,1.0,1.0
onix.txt,1.0,1.0,1.0,1.0,1,1.0,1,1.0,1.0,1.0,1.0,1.0,1.0
wimpod.txt,1.0,1.0,1.0,1.0,1,1.0,1,1.0,1.0,1.0,1.0,1.0,1.0
nidorina.txt,1.0,1.0,1.0,1.0,1,1.0,1,1.0,1.0,1.0,1.0,1.0,1.0
venonat.txt,1.0,1.0,1.0,1.0,1,1.0,1,1.0,1.0,1.0,1.0,1.0,1.0
thundurus.txt,1.0,1.0,1.0,1.0,1,1.0,1,1.0,1.0,1.0,1.0,1.0,1.0
tranquill.txt,1.0,1.0,1.0,1.0,1,1.0,1,1.0,1.0,1.0,1.0,1.0,1.0
unown-r.txt,1.0,1.0,1.0,1.0,1,1.0,1,1.0,1.0,1.0,1.0,1.0,1.0
unown-e.txt,1.0,1.0,1.0,1.0,1,1.0,1,1.0,1.0,1.0,1.0,1.0,1.0
buizel.txt,1.0,1.0,1.0,1.0,1,1.0,1,1.0,1.0,1.0,1.0,1.0,1.0
mightyena.txt,1.0,1.0,1.0,1.0,1,1.0,1,1.0,1.0,1.0,1.0,1.0,1.0
raticate-alola.txt,1.0,1.0,1.0,1.0,1,1.0,1,1.0,1.0,1.0,1.0,1.0,1.0
tornadus-therian.txt,1.0,1.0,1.0,1.0,1,1.0,1,1.0,1.0,1.0,1.0,1.0,1.0
vulpix.txt,1.0,1.0,1.0,1.0,1,1.0,1,1.0,1.0,1.0,1.0,1.0,1.0
clawitzer.txt,1.0,1.0,1.0,1.0,1,1.0,1,1.0,1.0,1.0,1.0,1.0,1.0
sableye-mega.txt,1.0,1.0,1.0,1.0,1,1.0,1,1.0,1.0,1.0,1.0,1.0,1.0
togedemaru.txt,1.0,1.0,1.0,1.0,1,1.0,1,1.0,1.0,1.0,1.0,1.0,1.0
xerneas-active.txt,1.0,1.0,1.0,1.0,1,1.0,1,1.0,1.0,1.0,1.0,1.0,1.0
lilligant.txt,1.0,1.0,1.0,1.0,1,1.0,1,1.0,1.0,1.0,1.0,1.0,1.0
minccino.txt,1.0,1.0,1.0,1.0,1,1.0,1,1.0,1.0,1.0,1.0,1.0,1.0
corsola.txt,1.0,1.0,1.0,1.0,1,1.0,1,1.0,1.0,1.0,1.0,1.0,1.0
roserade.txt,1.0,1.0,1.0,1.0,1,1.0,1,1.0,1.0,1.0,1.0,1.0,1.0
weezing.txt,1.0,1.0,1.0,1.0,1,1.0,1,1.0,1.0,1.0,1.0,1.0,1.0
dartrix.txt,1.0,1.0,1.0,1.0,1,1.0,1,1.0,1.0,1.0,1.0,1.0,1.0
unown-exclamation.txt,1.0,1.0,1.0,1.0,1,1.0,1,1.0,1.0,1.0,1.0,1.0,1.0
omanyte.txt,1.0,1.0,1.0,1.0,1,1.0,1,1.0,1.0,1.0,1.0,1.0,1.0
carbink.txt,1.0,1.0,1.0,1.0,1,1.0,1,1.0,1.0,1.0,1.0,1.0,1.0
burmy-sandy.txt,1.0,1.0,1.0,1.0,1,1.0,1,1.0,1.0,1.0,1.0,1.0,1.0
heliolisk.txt,1.0,1.0,1.0,1.0,1,1.0,1,1.0,1.0,1.0,1.0,1.0,1.0
zygarde.txt,1.0,1.0,1.0,1.0,1,1.0,1,1.0,1.0,1.0,1.0,1.0,1.0
rufflet.txt,1.0,1.0,1.0,1.0,1,1.0,1,1.0,1.0,1.0,1.0,1.0,1.0
mothim.txt,1.0,1.0,1.0,1.0,1,1.0,1,1.0,1.0,1.0,1.0,1.0,1.0
klinklang.txt,1.0,1.0,1.0,1.0,1,1.0,1,1.0,1.0,1.0,1.0,1.0,1.0
raticate.txt,1.0,1.0,1.0,1.0,1,1.0,1,1.0,1.0,1.0,1.0,1.0,1.0
sliggoo.txt,1.0,1.0,1.0,1.0,1,1.0,1,1.0,1.0,1.0,1.0,1.0,1.0
shiftry.txt,1.0,1.0,1.0,1.0,1,1.0,1,1.0,1.0,1.0,1.0,1.0,1.0
unown-d.txt,1.0,1.0,1.0,1.0,1,1.0,1,1.0,1.0,1.0,1.0,1.0,1.0
vibrava.txt,1.0,1.0,1.0,1.0,1,1.0,1,1.0,1.0,1.0,1.0,1.0,1.0
dhelmise.txt,1.0,1.0,1.0,1.0,1,1.0,1,1.0,1.0,1.0,1.0,1.0,1.0
burmy-trash.txt,1.0,1.0,1.0,1.0,1,1.0,1,1.0,1.0,1.0,1.0,1.0,1.0
unown-s.txt,1.0,1.0,1.0,1.0,1,1.0,1,1.0,1.0,1.0,1.0,1.0,1.0
minior-blue.txt,1.0,1.0,1.0,1.0,1,1.0,1,1.0,1.0,1.0,1.0,1.0,1.0
swampert.txt,1.0,1.0,1.0,1.0,1,1.0,1,1.0,1.0,1.0,1.0,1.0,1.0
silvally-fairy.txt,1.0,1.0,1.0,1.0,1,1.0,1,1.0,1.0,1.0,1.0,1.0,1.0
marowak-alola.txt,1.0,1.0,1.0,1.0,1,1.0,1,1.0,1.0,1.0,1.0,1.0,1.0
morelull.txt,1.0,1.0,1.0,1.0,1,1.0,1,1.0,1.0,1.0,1.0,1.0,1.0
excadrill.txt,1.0,1.0,1.0,1.0,1,1.0,1,1.0,1.0,1.0,1.0,1.0,1.0
chatot.txt,1.0,1.0,1.0,1.0,1,1.0,1,1.0,1.0,1.0,1.0,1.0,1.0
jigglypuff.txt,1.0,1.0,1.0,1.0,1,1.0,1,1.0,1.0,1.0,1.0,1.0,1.0
loudred.txt,1.0,1.0,1.0,1.0,1,1.0,1,1.0,1.0,1.0,1.0,1.0,1.0
togetic.txt,1.0,1.0,1.0,1.0,1,1.0,1,1.0,1.0,1.0,1.0,1.0,1.0
forretress.txt,1.0,1.0,1.0,1.0,1,1.0,1,1.0,1.0,1.0,1.0,1.0,1.0
lycanroc.txt,1.0,1.0,1.0,1.0,1,1.0,1,1.0,1.0,1.0,1.0,1.0,1.0
bisharp.txt,1.0,1.0,1.0,1.0,1,1.0,1,1.0,1.0,1.0,1.0,1.0,1.0
feraligatr.txt,1.0,1.0,1.0,1.0,1,1.0,1,1.0,1.0,1.0,1.0,1.0,1.0
.DS_Store,0.0,0.0,0.0,0.0,1,0.0,1,0.0,0.0,0.0,0.0,0.0,0.0
